{"categorical_accuracy": [0.12416666746139526, 0.1758333295583725, 0.24833333492279053, 0.29083332419395447, 0.3591666519641876, 0.38083332777023315, 0.4441666603088379, 0.48249998688697815, 0.5116666555404663, 0.5583333373069763, 0.5791666507720947, 0.5975000262260437, 0.628333330154419, 0.675000011920929, 0.6816666722297668, 0.7016666531562805, 0.7099999785423279, 0.7291666865348816, 0.7408333420753479, 0.7541666626930237, 0.7608333230018616, 0.7674999833106995, 0.7858333587646484, 0.7916666865348816, 0.8050000071525574, 0.815833330154419, 0.8341666460037231, 0.8216666579246521, 0.8416666388511658, 0.8258333206176758, 0.8374999761581421, 0.8433333039283752, 0.846666693687439, 0.8533333539962769, 0.871666669845581, 0.8700000047683716, 0.8725000023841858, 0.8833333253860474, 0.8841666579246521, 0.871666669845581, 0.8833333253860474, 0.8941666483879089, 0.8916666507720947, 0.8849999904632568, 0.8983333110809326, 0.9008333086967468, 0.903333306312561, 0.9075000286102295, 0.9133333563804626, 0.9058333039283752, 0.9108333587646484, 0.9066666960716248, 0.925000011920929, 0.9125000238418579, 0.9133333563804626, 0.9183333516120911, 0.9266666769981384, 0.9200000166893005, 0.9291666746139526, 0.9316666722297668, 0.9233333468437195, 0.9308333396911621, 0.9291666746139526, 0.9308333396911621, 0.9325000047683716, 0.9350000023841858, 0.9350000023841858, 0.9266666769981384, 0.9308333396911621, 0.9416666626930237, 0.9383333325386047, 0.9375, 0.9358333349227905, 0.9300000071525574, 0.9399999976158142, 0.9308333396911621, 0.9300000071525574, 0.9399999976158142, 0.9383333325386047, 0.940833330154419, 0.9449999928474426, 0.940833330154419, 0.9474999904632568, 0.9433333277702332, 0.95333331823349, 0.9474999904632568, 0.9466666579246521, 0.9391666650772095, 0.9449999928474426, 0.9474999904632568, 0.9483333230018616, 0.9449999928474426, 0.9458333253860474, 0.9491666555404663, 0.9466666579246521, 0.9433333277702332, 0.9483333230018616, 0.9574999809265137, 0.9549999833106995, 0.9541666507720947], "loss": [2.884680986404419, 2.5496504306793213, 2.2659084796905518, 2.096295118331909, 1.947631597518921, 1.8040759563446045, 1.667217493057251, 1.5536446571350098, 1.4895634651184082, 1.3466604948043823, 1.2763627767562866, 1.2369366884231567, 1.1576886177062988, 1.069061040878296, 1.0132765769958496, 0.9912073016166687, 0.9305905103683472, 0.8705475926399231, 0.8573083281517029, 0.7971078753471375, 0.785004198551178, 0.7428674101829529, 0.7241585850715637, 0.681332528591156, 0.6519739031791687, 0.6447870135307312, 0.5889722108840942, 0.6056103110313416, 0.5606853365898132, 0.5818288326263428, 0.5407474040985107, 0.5225086212158203, 0.49744459986686707, 0.4981018006801605, 0.4502846300601959, 0.4579012095928192, 0.4339151084423065, 0.42519494891166687, 0.4261431097984314, 0.45008373260498047, 0.40866607427597046, 0.3845248222351074, 0.3893073797225952, 0.38268187642097473, 0.3738213777542114, 0.3578832149505615, 0.33928391337394714, 0.33914613723754883, 0.31550657749176025, 0.3316556215286255, 0.32100701332092285, 0.3271050751209259, 0.2920718789100647, 0.30821993947029114, 0.30582648515701294, 0.30319517850875854, 0.2803822159767151, 0.2756689488887787, 0.2704419195652008, 0.26425954699516296, 0.2694531977176666, 0.26284244656562805, 0.2598610520362854, 0.2565471827983856, 0.2535261809825897, 0.23967695236206055, 0.23762023448944092, 0.24979977309703827, 0.24059997498989105, 0.21772697567939758, 0.24041694402694702, 0.21530328691005707, 0.2253025621175766, 0.2340322583913803, 0.2124060094356537, 0.22681254148483276, 0.22482599318027496, 0.2056250274181366, 0.20480965077877045, 0.20767587423324585, 0.19684794545173645, 0.2069239318370819, 0.19224630296230316, 0.19867409765720367, 0.18733002245426178, 0.19771303236484528, 0.20098178088665009, 0.19883593916893005, 0.1963343322277069, 0.1935059130191803, 0.18867583572864532, 0.19071853160858154, 0.18707314133644104, 0.1935124695301056, 0.18390774726867676, 0.1818031519651413, 0.18363013863563538, 0.15883111953735352, 0.1759227067232132, 0.17377695441246033], "precision_8": [0.1458333283662796, 0.25296443700790405, 0.4498141407966614, 0.4748201370239258, 0.5282391905784607, 0.6057142615318298, 0.6941489577293396, 0.7291666865348816, 0.7474332451820374, 0.7801147103309631, 0.7752212285995483, 0.7945205569267273, 0.8151001334190369, 0.8431952595710754, 0.8771676421165466, 0.8669467568397522, 0.8721704483032227, 0.8683887124061584, 0.8806887865066528, 0.8813760280609131, 0.8883826732635498, 0.8985005617141724, 0.9034405946731567, 0.9170403480529785, 0.9023109078407288, 0.9290392994880676, 0.9382321834564209, 0.918410062789917, 0.9210256338119507, 0.9278996586799622, 0.9274924397468567, 0.9439918398857117, 0.929423451423645, 0.9365079402923584, 0.9443902373313904, 0.9499509334564209, 0.9503343105316162, 0.9584541320800781, 0.9478672742843628, 0.9431051015853882, 0.9549808502197266, 0.9530516266822815, 0.960414707660675, 0.9575070738792419, 0.9573283791542053, 0.9610389471054077, 0.9735599756240845, 0.9639889001846313, 0.9652014374732971, 0.9705069065093994, 0.9695571660995483, 0.965233325958252, 0.9800000190734863, 0.9779005646705627, 0.9689213633537292, 0.9750692248344421, 0.9826642274856567, 0.9755877256393433, 0.9755877256393433, 0.9810640215873718, 0.973897397518158, 0.9791477918624878, 0.9747974872589111, 0.9785522818565369, 0.9723461270332336, 0.9768683314323425, 0.9803043603897095, 0.981249988079071, 0.9785138964653015, 0.9830659627914429, 0.9837545156478882, 0.9848349690437317, 0.9821268916130066, 0.9766815900802612, 0.9839857816696167, 0.9795737266540527, 0.9786096215248108, 0.9849823117256165, 0.9893333315849304, 0.9866903424263, 0.9824098348617554, 0.9814814925193787, 0.9885462522506714, 0.9902568459510803, 0.9946714043617249, 0.9841827750205994, 0.9807355403900146, 0.9823633432388306, 0.9867256879806519, 0.9867841601371765, 0.9833186864852905, 0.9885462522506714, 0.9876868724822998, 0.9867957830429077, 0.9912049174308777, 0.9825021624565125, 0.9885663986206055, 0.9921259880065918, 0.99210524559021, 0.9956140518188477],