{"categorical_accuracy": [0.1341666728258133, 0.22166666388511658, 0.24166665971279144, 0.3216666579246521, 0.30916666984558105, 0.3816666603088379, 0.4558333456516266, 0.4741666615009308, 0.4724999964237213, 0.5491666793823242, 0.5425000190734863, 0.5649999976158142, 0.621666669845581, 0.6399999856948853, 0.6366666555404663, 0.6808333396911621, 0.690833330154419, 0.6891666650772095, 0.7183333039283752, 0.7450000047683716, 0.76583331823349, 0.7566666603088379, 0.778333306312561, 0.7816666960716248, 0.7941666841506958, 0.7808333039283752, 0.8058333396911621, 0.7991666793823242, 0.8125, 0.8216666579246521, 0.8433333039283752, 0.8258333206176758, 0.8491666913032532, 0.8316666483879089, 0.8416666388511658, 0.862500011920929, 0.8391666412353516, 0.8733333349227905, 0.8658333420753479, 0.8808333277702332, 0.8833333253860474, 0.8824999928474426, 0.8941666483879089, 0.89083331823349, 0.8866666555404663, 0.8966666460037231, 0.8941666483879089, 0.9108333587646484, 0.9175000190734863, 0.9316666722297668, 0.9266666769981384, 0.9058333039283752, 0.9125000238418579, 0.9083333611488342, 0.9191666841506958, 0.92166668176651, 0.934166669845581, 0.9258333444595337, 0.9375, 0.9399999976158142, 0.9416666626930237, 0.9416666626930237, 0.9474999904632568, 0.9549999833106995, 0.9466666579246521, 0.9483333230018616, 0.9474999904632568, 0.9549999833106995, 0.9624999761581421, 0.9616666436195374, 0.9624999761581421, 0.9583333134651184, 0.9616666436195374, 0.9624999761581421, 0.9616666436195374, 0.9791666865348816, 0.9624999761581421, 0.9691666960716248, 0.95333331823349, 0.9549999833106995, 0.971666693687439, 0.9741666913032532, 0.9725000262260437, 0.9758333563804626, 0.9758333563804626, 0.9633333086967468, 0.971666693687439, 0.9808333516120911, 0.9791666865348816, 0.9775000214576721, 0.9833333492279053, 0.9750000238418579, 0.9800000190734863, 0.9725000262260437, 0.9725000262260437, 0.9800000190734863, 0.9775000214576721, 0.9825000166893005, 0.9883333444595337, 0.9858333468437195], "loss": [2.9218287467956543, 2.4963722229003906, 2.3900270462036133, 2.1733815670013428, 2.1183230876922607, 1.877479910850525, 1.6939822435379028, 1.619512677192688, 1.6457873582839966, 1.4301440715789795, 1.4254686832427979, 1.3105264902114868, 1.1736758947372437, 1.1515103578567505, 1.1348649263381958, 1.0016711950302124, 1.00274658203125, 1.0031321048736572, 0.9236868023872375, 0.8643977046012878, 0.7924988865852356, 0.835241436958313, 0.7419261932373047, 0.7120352983474731, 0.6938204169273376, 0.6882377862930298, 0.6336283087730408, 0.6603920459747314, 0.6201093792915344, 0.6127657294273376, 0.527309238910675, 0.5794908404350281, 0.5216478705406189, 0.546387791633606, 0.5110161900520325, 0.4637805223464966, 0.5022019743919373, 0.4609226584434509, 0.4352957010269165, 0.42906254529953003, 0.4085143804550171, 0.3958115577697754, 0.40261396765708923, 0.3913048505783081, 0.38295233249664307, 0.35462942719459534, 0.368008017539978, 0.31928718090057373, 0.3064994215965271, 0.2714875340461731, 0.27121561765670776, 0.3259080648422241, 0.3165295720100403, 0.31827884912490845, 0.29363229870796204, 0.2824622690677643, 0.2552355229854584, 0.27315911650657654, 0.24682968854904175, 0.22344739735126495, 0.2142765372991562, 0.212604820728302, 0.21210862696170807, 0.18838149309158325, 0.20071090757846832, 0.21278256177902222, 0.19513392448425293, 0.17041410505771637, 0.15729932487010956, 0.15214169025421143, 0.15903329849243164, 0.17412276566028595, 0.17804600298404694, 0.15687836706638336, 0.13994784653186798, 0.1129966452717781, 0.13410507142543793, 0.1278040111064911, 0.15899410843849182, 0.16838562488555908, 0.12012630701065063, 0.11488094180822372, 0.10807383060455322, 0.11053375154733658, 0.10961456596851349, 0.13417622447013855, 0.11365281790494919, 0.09973379224538803, 0.0913977101445198, 0.0945805013179779, 0.08167173713445663, 0.09568403661251068, 0.09104996174573898, 0.10643814504146576, 0.10111599415540695, 0.09779723733663559, 0.10195940732955933, 0.07753411680459976, 0.06647823005914688, 0.07827670127153397], "precision_13": [0.158620685338974, 0.3273381292819977, 0.3320610821247101, 0.45255473256111145, 0.501694917678833, 0.5789473652839661, 0.6536458134651184, 0.6391509175300598, 0.6503340601921082, 0.7384898662567139, 0.7158671617507935, 0.737864077091217, 0.7741456031799316, 0.8068350553512573, 0.789625346660614, 0.8277254104614258, 0.8361290097236633, 0.8109756112098694, 0.8423645496368408, 0.8586826324462891, 0.8761261105537415, 0.8646441102027893, 0.8872928023338318, 0.8764768838882446, 0.9006479382514954, 0.8732840418815613, 0.9013785719871521, 0.8970276117324829, 0.9009009003639221, 0.8975659012794495, 0.9143730998039246, 0.9153924584388733, 0.9187867045402527, 0.9119119048118591, 0.9121951460838318, 0.9291262030601501, 0.9077669978141785, 0.927480936050415, 0.928914487361908, 0.935606062412262, 0.9340245127677917, 0.9336493015289307, 0.9341262578964233, 0.939451277256012, 0.9390581846237183, 0.9495798349380493, 0.9318600296974182, 0.9509981870651245, 0.9504504799842834, 0.9563279747962952, 0.953859806060791, 0.9447463750839233, 0.9485559463500977, 0.937781810760498, 0.9554545283317566, 0.9577338099479675, 0.9593639373779297, 0.9553969502449036, 0.963652491569519, 0.9649122953414917, 0.9613016843795776, 0.9668700695037842, 0.9662337899208069, 0.9757365584373474, 0.9658194780349731, 0.965187132358551, 0.9695387482643127, 0.9714038372039795, 0.9758620858192444, 0.9700854420661926, 0.9741824269294739, 0.9740259647369385, 0.9784853458404541, 0.9757995009422302, 0.9776632189750671, 0.988879382610321, 0.9743589758872986, 0.9810507893562317, 0.9674099683761597, 0.9716250896453857, 0.9846022129058838, 0.9813242554664612, 0.9830220937728882, 0.9822335243225098, 0.9863713979721069, 0.9726729393005371, 0.9811320900917053, 0.9830651879310608, 0.9839662313461304, 0.982293426990509, 0.9898045659065247, 0.983036458492279, 0.9881656765937805, 0.9789562225341797, 0.9797809720039368, 0.9889267683029175, 0.9831507802009583, 0.9865432977676392, 0.9924306273460388, 0.9890387654304504],