{"categorical_accuracy": [0.1733333319425583, 0.36500000953674316, 0.5274999737739563, 0.6108333468437195, 0.6566666960716248, 0.7425000071525574, 0.7683333158493042, 0.7958333492279053, 0.8199999928474426, 0.8291666507720947, 0.862500011920929, 0.8741666674613953, 0.887499988079071, 0.8899999856948853, 0.8858333230018616, 0.9133333563804626, 0.9075000286102295, 0.9208333492279053, 0.9266666769981384, 0.9258333444595337, 0.9258333444595337, 0.9300000071525574, 0.9325000047683716, 0.9391666650772095, 0.940833330154419, 0.9383333325386047, 0.9350000023841858, 0.9399999976158142, 0.9366666674613953, 0.9391666650772095, 0.9491666555404663, 0.95333331823349, 0.949999988079071, 0.9541666507720947, 0.9516666531562805, 0.9483333230018616, 0.9508333206176758, 0.9549999833106995, 0.9541666507720947, 0.95333331823349, 0.9591666460037231, 0.9558333158493042, 0.9566666483879089, 0.9524999856948853, 0.9516666531562805, 0.9558333158493042, 0.9524999856948853, 0.9591666460037231, 0.9566666483879089, 0.9566666483879089, 0.9566666483879089, 0.9616666436195374, 0.9549999833106995, 0.9574999809265137, 0.9599999785423279, 0.9616666436195374, 0.9566666483879089, 0.9599999785423279, 0.9608333110809326, 0.9574999809265137, 0.9599999785423279, 0.9583333134651184, 0.9624999761581421, 0.9624999761581421, 0.9583333134651184, 0.9583333134651184, 0.9624999761581421, 0.9599999785423279, 0.9616666436195374, 0.9583333134651184, 0.9574999809265137, 0.9541666507720947, 0.9583333134651184, 0.9608333110809326, 0.9558333158493042, 0.9608333110809326, 0.9558333158493042, 0.9566666483879089, 0.9566666483879089, 0.9566666483879089, 0.965833306312561, 0.9599999785423279, 0.9599999785423279, 0.9633333086967468, 0.9633333086967468, 0.9549999833106995, 0.9608333110809326, 0.9574999809265137, 0.9574999809265137, 0.9616666436195374, 0.9591666460037231, 0.9591666460037231, 0.9608333110809326, 0.9608333110809326, 0.9616666436195374, 0.9616666436195374, 0.9624999761581421, 0.9624999761581421, 0.9591666460037231, 0.9641666412353516], "loss": [2.7398951053619385, 1.9200811386108398, 1.4653228521347046, 1.2738767862319946, 1.081833004951477, 0.9048485159873962, 0.8235491514205933, 0.717598557472229, 0.6326885223388672, 0.6226029396057129, 0.5450375080108643, 0.5147706866264343, 0.4697689414024353, 0.44366908073425293, 0.42962682247161865, 0.36890771985054016, 0.3798181116580963, 0.3327745199203491, 0.3138350546360016, 0.3285106420516968, 0.31337597966194153, 0.304910272359848, 0.2992713749408722, 0.25975462794303894, 0.256783127784729, 0.25144779682159424, 0.24884583055973053, 0.24395360052585602, 0.25313958525657654, 0.23408378660678864, 0.21584783494472504, 0.2035805881023407, 0.21619923412799835, 0.19924134016036987, 0.1975523978471756, 0.20383258163928986, 0.1974410116672516, 0.18779073655605316, 0.18398672342300415, 0.1788242906332016, 0.1744004189968109, 0.1803508698940277, 0.18672071397304535, 0.18002794682979584, 0.18299415707588196, 0.17224839329719543, 0.16567149758338928, 0.16429020464420319, 0.16366326808929443, 0.14880967140197754, 0.16351257264614105, 0.15426136553287506, 0.15405428409576416, 0.15247125923633575, 0.14568504691123962, 0.14924141764640808, 0.14464928209781647, 0.13994351029396057, 0.14673176407814026, 0.15079878270626068, 0.1425034999847412, 0.1354558914899826, 0.14073392748832703, 0.14273309707641602, 0.14225846529006958, 0.14282633364200592, 0.13694418966770172, 0.155180424451828, 0.13416700065135956, 0.1378101110458374, 0.1408398598432541, 0.155032679438591, 0.1341913938522339, 0.1391792744398117, 0.14862075448036194, 0.1378004550933838, 0.15167547762393951, 0.14034968614578247, 0.14254117012023926, 0.13786540925502777, 0.13410773873329163, 0.13836555182933807, 0.12826178967952728, 0.1310606598854065, 0.13546262681484222, 0.1387445479631424, 0.1326914131641388, 0.13463328778743744, 0.12322767823934555, 0.12233235687017441, 0.12813648581504822, 0.13019056618213654, 0.12432555854320526, 0.1258452832698822, 0.12444539368152618, 0.13159096240997314, 0.11759030818939209, 0.12622232735157013, 0.12537862360477448, 0.1232771947979927], "precision_9": [0.20630373060703278, 0.5024038553237915, 0.7352380752563477, 0.7774244546890259, 0.8461538553237915, 0.8887467980384827, 0.9013237357139587, 0.922987163066864, 0.9373626112937927, 0.9304068684577942, 0.96300208568573, 0.9556451439857483, 0.9596059322357178, 0.9618395566940308, 0.9598825573921204, 0.9735599756240845, 0.972195565700531, 0.9741458892822266, 0.9833179116249084, 0.9860464930534363, 0.9842737913131714, 0.9807162284851074, 0.9808568954467773, 0.9891008138656616, 0.9909502267837524, 0.9856887459754944, 0.9882352948188782, 0.9892183542251587, 0.9820948839187622, 0.9822379946708679, 0.9885159134864807, 0.9920070767402649, 0.9911110997200012, 0.992914080619812, 0.9885057210922241, 0.9902568459510803, 0.9902827143669128, 0.9947460889816284, 0.99210524559021, 0.993854284286499, 0.9947552680969238, 0.9912280440330505, 0.9895196557044983, 0.9904181361198425, 0.9878261089324951, 0.9929885864257812, 0.9930130839347839, 0.9947322010993958, 0.9913194179534912, 0.9938971400260925, 0.9964819550514221, 0.9973822236061096, 0.9982563257217407, 0.9947597980499268, 0.9956293702125549, 0.9991235733032227, 0.9965096116065979, 0.9991258978843689, 0.9939183592796326, 0.9973867535591125, 0.9965004324913025, 0.9965247511863708, 0.9973822236061096, 1.0, 0.9973753094673157, 0.9956597089767456, 0.9982608556747437, 0.9956408143043518, 0.9956559538841248, 0.9939130544662476, 0.9939236044883728, 0.9947643876075745, 0.9973798990249634, 0.9956521987915039, 0.998251736164093, 0.9982563257217407, 0.9921534657478333, 0.9930434823036194, 0.9965126514434814, 0.9973844885826111, 0.997389018535614, 0.9930495023727417, 0.9973935484886169, 0.9982563257217407, 0.9956559538841248, 0.9973844885826111, 0.9991281628608704, 0.9947871565818787, 0.9991273880004883, 0.9982578158378601, 1.0, 0.9991304278373718, 0.9991296529769897, 0.9991289377212524, 0.9982608556747437, 0.9982608556747437, 0.9973935484886169, 0.9982563257217407, 0.9956559538841248, 0.9982593655586243],