{"categorical_accuracy": [0.6569384336471558, 0.8901664018630981, 0.9313144683837891, 0.9492013454437256, 0.9580698609352112, 0.9652246236801147, 0.9696671962738037, 0.973028302192688, 0.9752246141433716, 0.9777870178222656, 0.978136420249939, 0.9811980128288269, 0.9816638827323914, 0.983810305595398, 0.9843094944953918, 0.9843927025794983, 0.9858902096748352, 0.9857736825942993, 0.9872046709060669, 0.9874708652496338, 0.9876871705055237, 0.9884858727455139, 0.9889184832572937, 0.9897004961967468, 0.9895840287208557, 0.9902828335762024, 0.9900166392326355, 0.9905490875244141, 0.9889683723449707, 0.9911647439002991], "loss": [1.084275722503662, 0.3705188035964966, 0.2338174730539322, 0.17203134298324585, 0.1451546549797058, 0.11696373671293259, 0.10469545423984528, 0.09215560555458069, 0.08418826013803482, 0.07447674870491028, 0.0730852484703064, 0.06347092986106873, 0.0626077651977539, 0.05489381030201912, 0.053004223853349686, 0.05235584080219269, 0.04811588302254677, 0.04666833579540253, 0.04272635653614998, 0.04148181527853012, 0.04032765328884125, 0.038708895444869995, 0.03612996265292168, 0.03357112407684326, 0.03269999846816063, 0.03354347124695778, 0.03224066272377968, 0.03100700117647648, 0.036020033061504364, 0.02792268432676792], "val_categorical_accuracy": [0.13529999554157257, 0.33169999718666077, 0.3840999901294708, 0.1451999992132187, 0.1932000070810318, 0.34470000863075256, 0.26510000228881836, 0.23579999804496765, 0.4957999885082245, 0.31040000915527344, 0.29919999837875366, 0.320499986410141, 0.2971999943256378, 0.4077000021934509, 0.4318000078201294, 0.3986000120639801, 0.3677000105381012, 0.24240000545978546, 0.5504999756813049, 0.27410000562667847, 0.3118000030517578, 0.5691999793052673, 0.5856000185012817, 0.33059999346733093, 0.13760000467300415, 0.1145000010728836, 0.12330000102519989, 0.15729999542236328, 0.3100999891757965, 0.696399986743927], "val_loss": [5.351675510406494, 3.409081220626831, 3.571369171142578, 4.758280277252197, 4.562965393066406, 4.021038055419922, 4.927981853485107, 5.329806804656982, 2.418283462524414, 2.7780425548553467, 3.632335662841797, 3.772855520248413, 3.1225240230560303, 2.2269411087036133, 2.4894754886627197, 2.128831148147583, 2.2162177562713623, 3.3571507930755615, 1.588276743888855, 3.105747699737549, 2.1906239986419678, 1.7061355113983154, 1.1870309114456177, 2.480895757675171, 5.802668571472168, 6.910656929016113, 6.336258411407471, 6.052567481994629, 2.8572463989257812, 1.0584347248077393]}