{"categorical_accuracy": [0.10999999940395355, 0.10999999940395355, 0.14083333313465118, 0.12166666984558105, 0.12250000238418579, 0.1458333283662796, 0.17416666448116302, 0.15416666865348816, 0.1641666740179062, 0.18833333253860474, 0.2175000011920929, 0.22083333134651184, 0.2224999964237213, 0.23999999463558197, 0.22583332657814026, 0.3108333349227905, 0.29499998688697815, 0.2916666567325592, 0.3308333456516266, 0.32749998569488525, 0.3583333194255829, 0.36916667222976685, 0.3866666555404663, 0.3816666603088379, 0.4025000035762787, 0.4050000011920929, 0.4266666769981384, 0.4424999952316284, 0.4558333456516266, 0.44083333015441895, 0.4625000059604645, 0.46166667342185974, 0.49416667222976685, 0.49166667461395264, 0.5108333230018616, 0.5083333253860474, 0.5433333516120911, 0.5299999713897705, 0.5616666674613953, 0.550000011920929, 0.574999988079071, 0.5874999761581421, 0.6008333563804626, 0.6083333492279053, 0.6000000238418579, 0.6100000143051147, 0.6175000071525574, 0.5799999833106995, 0.6233333349227905, 0.6424999833106995, 0.6658333539962769, 0.6783333420753479, 0.6808333396911621, 0.6549999713897705, 0.6791666746139526, 0.7058333158493042, 0.7116666436195374, 0.7041666507720947, 0.6733333468437195, 0.6949999928474426, 0.6924999952316284, 0.6899999976158142, 0.7250000238418579, 0.7166666388511658, 0.7141666412353516, 0.7400000095367432, 0.7250000238418579, 0.7174999713897705, 0.7325000166893005, 0.7400000095367432, 0.7541666626930237, 0.7724999785423279, 0.7283333539962769, 0.7566666603088379, 0.7583333253860474, 0.7641666531562805, 0.7599999904632568, 0.7383333444595337, 0.784166693687439, 0.7699999809265137, 0.7833333611488342, 0.800000011920929, 0.7741666436195374, 0.7983333468437195, 0.8100000023841858, 0.7699999809265137, 0.815833330154419, 0.8133333325386047, 0.8141666650772095, 0.7958333492279053, 0.8191666603088379, 0.800000011920929, 0.7875000238418579, 0.79666668176651, 0.7900000214576721, 0.800000011920929, 0.8191666603088379, 0.8233333230018616, 0.8316666483879089, 0.8358333110809326], "loss": [3.051117420196533, 3.0099568367004395, 2.8125524520874023, 2.79830265045166, 2.7247114181518555, 2.660111427307129, 2.594370126724243, 2.5862929821014404, 2.500032424926758, 2.4103970527648926, 2.3857405185699463, 2.358424663543701, 2.3178277015686035, 2.2200963497161865, 2.266197681427002, 2.130484104156494, 2.1383068561553955, 2.0635054111480713, 2.0341227054595947, 1.9566011428833008, 1.9086623191833496, 1.8420910835266113, 1.82683527469635, 1.808118462562561, 1.7876514196395874, 1.718969702720642, 1.7210485935211182, 1.6564083099365234, 1.6415547132492065, 1.6408891677856445, 1.6091835498809814, 1.5973284244537354, 1.4619215726852417, 1.4725582599639893, 1.431448221206665, 1.477203369140625, 1.3712356090545654, 1.3547277450561523, 1.2953078746795654, 1.3294090032577515, 1.2940877676010132, 1.2070788145065308, 1.2724661827087402, 1.2362842559814453, 1.1781319379806519, 1.1959253549575806, 1.1503983736038208, 1.1922705173492432, 1.1419590711593628, 1.0873403549194336, 1.0113189220428467, 0.9885764718055725, 0.9936396479606628, 1.0730366706848145, 0.9690670967102051, 0.9057350754737854, 0.8853663206100464, 0.9117714166641235, 0.9675835371017456, 0.9249240159988403, 0.898195207118988, 0.9224411249160767, 0.8489054441452026, 0.8580613136291504, 0.848297655582428, 0.8092255592346191, 0.8280951976776123, 0.8351142406463623, 0.7676791548728943, 0.772472620010376, 0.7578719258308411, 0.719368040561676, 0.8194705843925476, 0.744697093963623, 0.7309178709983826, 0.7208853363990784, 0.7072977423667908, 0.7537408471107483, 0.650784432888031, 0.6792364716529846, 0.6371055245399475, 0.6542864441871643, 0.6836366057395935, 0.6416934728622437, 0.6041268706321716, 0.6991689205169678, 0.5829229950904846, 0.5905912518501282, 0.6071304678916931, 0.6068057417869568, 0.5700990557670593, 0.618869423866272, 0.6459367871284485, 0.601885199546814, 0.6116317510604858, 0.5866645574569702, 0.5498404502868652, 0.5547969341278076, 0.5242205262184143, 0.5200716257095337], "precision_10": [0.15714286267757416, 0.10328638553619385, 0.15568862855434418, 0.10650887340307236, 0.09815950691699982, 0.18840579688549042, 0.14960630238056183, 0.13953489065170288, 0.1666666716337204, 0.19083969295024872, 0.24793387949466705, 0.2792207896709442, 0.2756410241127014, 0.3571428656578064, 0.28409090638160706, 0.47783252596855164, 0.41499999165534973, 0.4571428596973419, 0.5, 0.5349794030189514, 0.5596708059310913, 0.6007194519042969, 0.5714285969734192, 0.6083915829658508, 0.6477987170219421, 0.6044303774833679, 0.6296296119689941, 0.64673912525177, 0.662269115447998, 0.6498740315437317, 0.6725440621376038, 0.6689976453781128, 0.687912106513977, 0.6914660930633545, 0.7165178656578064, 0.6831682920455933, 0.718199610710144, 0.7150837779045105, 0.7657992839813232, 0.733826220035553, 0.7464028596878052, 0.7677966356277466, 0.7452229261398315, 0.767100989818573, 0.7672955989837646, 0.773082971572876, 0.762390673160553, 0.7412480711936951, 0.7859154939651489, 0.7553342580795288, 0.8131720423698425, 0.8119205236434937, 0.8129870295524597, 0.7770360708236694, 0.808236837387085, 0.8099273443222046, 0.8262454271316528, 0.8226414918899536, 0.7963190078735352, 0.8199999928474426, 0.81028151512146, 0.8264058828353882, 0.8481308221817017, 0.824355959892273, 0.8189252614974976, 0.870392382144928, 0.8379310369491577, 0.8335220813751221, 0.8380520939826965, 0.8554083704948425, 0.8429661989212036, 0.8704103827476501, 0.8398656249046326, 0.8506981730461121, 0.852173924446106, 0.8463982939720154, 0.8428128361701965, 0.8303477168083191, 0.8706986308097839, 0.8429158329963684, 0.8597938418388367, 0.8901795148849487, 0.8539915680885315, 0.873846173286438, 0.8762376308441162, 0.8474226593971252, 0.8814740777015686, 0.8812877535820007, 0.879960298538208, 0.8595617413520813, 0.8722985982894897, 0.8767676949501038, 0.8629032373428345, 0.8701431751251221, 0.8582755327224731, 0.871159553527832, 0.8788177371025085, 0.8861867785453796, 0.8898550868034363, 0.9001957178115845],