{"categorical_accuracy": [0.4525749981403351, 0.5752333402633667, 0.5992333292961121, 0.609083354473114, 0.6169999837875366, 0.6229666471481323, 0.627174973487854, 0.630466639995575, 0.6339333057403564, 0.6368333101272583, 0.6387666463851929, 0.6408666372299194, 0.6427333354949951, 0.6432583332061768, 0.644433319568634, 0.6463416814804077, 0.6476250290870667, 0.6492083072662354, 0.6500916481018066, 0.6501833200454712, 0.6519250273704529, 0.652858316898346, 0.6524999737739563, 0.654366672039032, 0.6542583107948303, 0.6560166478157043, 0.6561999917030334, 0.6570916771888733, 0.657325029373169, 0.6590333580970764], "loss": [1.6003532409667969, 1.1981772184371948, 1.1204569339752197, 1.082114577293396, 1.0547170639038086, 1.0357639789581299, 1.0211663246154785, 1.0103416442871094, 1.000146746635437, 0.990459144115448, 0.9832369685173035, 0.9769957661628723, 0.9706776738166809, 0.9666008353233337, 0.9635118246078491, 0.9580487012863159, 0.9531406164169312, 0.949821949005127, 0.9457017779350281, 0.9443296790122986, 0.9409787654876709, 0.9385889172554016, 0.9372797608375549, 0.9348679780960083, 0.9319364428520203, 0.9285582304000854, 0.9263126254081726, 0.9250016212463379, 0.9238725304603577, 0.9194806218147278], "val_categorical_accuracy": [0.9480999708175659, 0.968500018119812, 0.9758999943733215, 0.9781000018119812, 0.9803000092506409, 0.9814000129699707, 0.9830999970436096, 0.9829999804496765, 0.9848999977111816, 0.9842000007629395, 0.9854000210762024, 0.9848999977111816, 0.9825000166893005, 0.984000027179718, 0.9855999946594238, 0.9843999743461609, 0.9860000014305115, 0.9854999780654907, 0.9847999811172485, 0.9829000234603882, 0.9861999750137329, 0.9847999811172485, 0.9854000210762024, 0.9854000210762024, 0.9854000210762024, 0.9855999946594238, 0.9864000082015991, 0.9865000247955322, 0.9883000254631042, 0.9857000112533569], "val_loss": [0.1767578274011612, 0.10710044950246811, 0.0812443420290947, 0.07504037767648697, 0.06644314527511597, 0.06323333829641342, 0.059113215655088425, 0.05815689638257027, 0.05466631427407265, 0.05432117357850075, 0.05067035183310509, 0.05113387480378151, 0.05453091859817505, 0.05262790620326996, 0.047436535358428955, 0.052578117698431015, 0.04770185053348541, 0.04826394096016884, 0.049909986555576324, 0.056015122681856155, 0.04654809832572937, 0.05252111703157425, 0.04721822962164879, 0.04894416406750679, 0.045201074331998825, 0.046071793884038925, 0.046457383781671524, 0.04477621242403984, 0.04507078230381012, 0.04868176579475403]}