{"categorical_accuracy": [0.8318302631378174, 0.9522129893302917, 0.9681696891784668, 0.9761564135551453, 0.9815141558647156, 0.9839267730712891, 0.9860066771507263, 0.9882029891014099, 0.9897837042808533, 0.9911481142044067, 0.9914475679397583, 0.9930782318115234, 0.9928619265556335, 0.9938269257545471, 0.9942928552627563, 0.9948918223381042, 0.9951248168945312, 0.9957903623580933, 0.9954076409339905, 0.9961397647857666, 0.9962894916534424, 0.9962894916534424, 0.9967886805534363, 0.9968718886375427, 0.9965057969093323, 0.9972046613693237, 0.9971880316734314, 0.997054934501648, 0.9977869987487793, 0.9976871609687805], "loss": [0.5647397637367249, 0.16573774814605713, 0.11184989660978317, 0.08435831218957901, 0.06480126827955246, 0.057285793125629425, 0.04769379273056984, 0.040609125047922134, 0.0361628457903862, 0.03150717914104462, 0.028467023745179176, 0.02392462268471718, 0.024099884554743767, 0.019852837547659874, 0.019755424931645393, 0.016732921823859215, 0.016966624185442924, 0.013902788050472736, 0.016256149858236313, 0.013403283432126045, 0.01251236256211996, 0.012221578508615494, 0.010389382019639015, 0.011408312246203423, 0.011034466326236725, 0.008904390968382359, 0.010323887690901756, 0.009714742191135883, 0.00774874584749341, 0.007653445471078157], "val_categorical_accuracy": [0.1876000016927719, 0.4722999930381775, 0.25209999084472656, 0.6225000023841858, 0.7728999853134155, 0.8773000240325928, 0.9154000282287598, 0.9125999808311462, 0.8909000158309937, 0.8238999843597412, 0.9398999810218811, 0.9616000056266785, 0.9602000117301941, 0.9472000002861023, 0.9660000205039978, 0.9722999930381775, 0.9646999835968018, 0.9650999903678894, 0.965399980545044, 0.9757999777793884, 0.9746999740600586, 0.9623000025749207, 0.9695000052452087, 0.9733999967575073, 0.9865000247955322, 0.9757999777793884, 0.9789999723434448, 0.9842000007629395, 0.9864000082015991, 0.9850999712944031], "val_loss": [5.5047526359558105, 2.0181658267974854, 5.257694244384766, 1.5085675716400146, 0.8416501879692078, 0.4044422507286072, 0.2791758179664612, 0.2890913188457489, 0.36727115511894226, 0.6320282816886902, 0.20056059956550598, 0.12973608076572418, 0.1309903860092163, 0.18265096843242645, 0.11408879607915878, 0.08867082744836807, 0.11521869897842407, 0.12072283774614334, 0.11281941086053848, 0.08276692777872086, 0.08042050153017044, 0.125296950340271, 0.10090631991624832, 0.09143607318401337, 0.04198206588625908, 0.08130486309528351, 0.06784529983997345, 0.05178606137633324, 0.04362425208091736, 0.05241961032152176]}