{"categorical_accuracy": [0.1433333307504654, 0.25583332777023315, 0.35333332419395447, 0.4675000011920929, 0.5458333492279053, 0.5916666388511658, 0.6441666483879089, 0.7016666531562805, 0.6883333325386047, 0.7425000071525574, 0.7241666913032532, 0.7708333134651184, 0.8075000047683716, 0.800000011920929, 0.8083333373069763, 0.8116666674613953, 0.8516666889190674, 0.8458333611488342, 0.8566666841506958, 0.8366666436195374, 0.8666666746139526, 0.8708333373069763, 0.887499988079071, 0.8816666603088379, 0.8991666436195374, 0.8824999928474426, 0.9125000238418579, 0.9058333039283752, 0.8866666555404663, 0.925000011920929, 0.9308333396911621, 0.9225000143051147, 0.9225000143051147, 0.9325000047683716, 0.9208333492279053, 0.9458333253860474, 0.9466666579246521, 0.9591666460037231, 0.9416666626930237, 0.9599999785423279, 0.9474999904632568, 0.9583333134651184, 0.9608333110809326, 0.9591666460037231, 0.9524999856948853, 0.971666693687439, 0.9633333086967468, 0.9775000214576721, 0.9766666889190674, 0.9691666960716248, 0.9583333134651184, 0.971666693687439, 0.9649999737739563, 0.9733333587646484, 0.9791666865348816, 0.9766666889190674, 0.9791666865348816, 0.9900000095367432, 0.9816666841506958, 0.9816666841506958, 0.9783333539962769, 0.9700000286102295, 0.9900000095367432, 0.9775000214576721, 0.9783333539962769, 0.9866666793823242, 0.98416668176651, 0.9833333492279053, 0.98416668176651, 0.9800000190734863, 0.987500011920929, 0.987500011920929, 0.9900000095367432, 0.9866666793823242, 0.9891666769981384, 0.9941666722297668, 0.9900000095367432, 0.9925000071525574, 0.9925000071525574, 0.9908333420753479, 0.9941666722297668, 0.9941666722297668, 0.9791666865348816, 0.9908333420753479, 0.9858333468437195, 0.9958333373069763, 0.9958333373069763, 0.987500011920929, 0.9933333396911621, 0.9925000071525574, 0.9908333420753479, 0.9958333373069763, 0.9908333420753479, 0.9925000071525574, 0.9891666769981384, 0.9925000071525574, 0.9925000071525574, 0.9916666746139526, 0.9950000047683716, 0.9950000047683716], "loss": [2.7997491359710693, 2.287771701812744, 1.9710404872894287, 1.7114288806915283, 1.514670968055725, 1.3312300443649292, 1.1964412927627563, 1.0623172521591187, 1.0235246419906616, 0.8954107761383057, 0.9245218634605408, 0.8268101811408997, 0.7201290726661682, 0.7309780120849609, 0.6713002920150757, 0.648421049118042, 0.556551456451416, 0.5622708201408386, 0.5347461104393005, 0.5684760808944702, 0.4782526195049286, 0.46779048442840576, 0.41293153166770935, 0.4356350302696228, 0.39257028698921204, 0.41433849930763245, 0.35954606533050537, 0.3433411419391632, 0.3856923580169678, 0.2864721119403839, 0.2775600850582123, 0.2929364740848541, 0.2922399640083313, 0.2656949758529663, 0.26261258125305176, 0.21676596999168396, 0.22687894105911255, 0.1947411745786667, 0.22322815656661987, 0.19293318688869476, 0.21126049757003784, 0.16388852894306183, 0.163828507065773, 0.19721832871437073, 0.18667663633823395, 0.13735704123973846, 0.14789360761642456, 0.12058380246162415, 0.13431431353092194, 0.12682032585144043, 0.15590429306030273, 0.1343376189470291, 0.13776305317878723, 0.11507052183151245, 0.09795475751161575, 0.11726269870996475, 0.11284103244543076, 0.07717836648225784, 0.08979571610689163, 0.08419482409954071, 0.09822904318571091, 0.11085540801286697, 0.0610148124396801, 0.09057270735502243, 0.10274986922740936, 0.06707450747489929, 0.08289575576782227, 0.07300539314746857, 0.08970105648040771, 0.08069200068712234, 0.06700177490711212, 0.06317543238401413, 0.05524102598428726, 0.06215566769242287, 0.04759490117430687, 0.03886835649609566, 0.059488676488399506, 0.0442056767642498, 0.047221310436725616, 0.0514373704791069, 0.036391183733940125, 0.03735598549246788, 0.06526271253824234, 0.04783089831471443, 0.053958162665367126, 0.032817136496305466, 0.03217681124806404, 0.052005834877491, 0.03666544705629349, 0.041416920721530914, 0.0468931570649147, 0.03265693411231041, 0.040545754134655, 0.036723993718624115, 0.04661688953638077, 0.03490474447607994, 0.041466884315013885, 0.03922725468873978, 0.025767594575881958, 0.02795295976102352], "val_categorical_accuracy": [0.09454545378684998, 0.09454545378684998, 0.09454545378684998, 0.09454545378684998, 0.09454545378684998, 0.09454545378684998, 0.09454545378684998, 0.09454545378684998, 0.09454545378684998, 0.09454545378684998, 0.09454545378684998, 0.10090909153223038, 0.1645454615354538, 0.20818181335926056, 0.5554545521736145, 0.7109090685844421, 0.7809090614318848, 0.8418181538581848, 0.8690909147262573, 0.8681818246841431, 0.8845454454421997, 0.8918181657791138, 0.8899999856948853, 0.8918181657791138, 0.9036363363265991, 0.8954545259475708, 0.8999999761581421, 0.8963636159896851, 0.8981817960739136, 0.9081818461418152, 0.9118182063102722, 0.9045454263687134, 0.9036363363265991, 0.9027272462844849, 0.9127272963523865, 0.918181836605072, 0.9100000262260437, 0.9118182063102722, 0.9136363863945007, 0.9190909266471863, 0.9245454668998718, 0.9127272963523865, 0.9136363863945007, 0.9118182063102722, 0.9090909361839294, 0.918181836605072, 0.9200000166893005, 0.9190909266471863, 0.914545476436615, 0.9172727465629578, 0.9136363863945007, 0.9127272963523865, 0.9127272963523865, 0.9154545664787292, 0.9136363863945007, 0.9281818270683289, 0.9245454668998718, 0.9263636469841003, 0.9227272868156433, 0.921818196773529, 0.9190909266471863, 0.9209091067314148, 0.9209091067314148, 0.921818196773529, 0.9209091067314148, 0.9272727370262146, 0.921818196773529, 0.9172727465629578, 0.9263636469841003, 0.9263636469841003, 0.9163636565208435, 0.9254545569419861, 0.921818196773529, 0.9263636469841003, 0.9263636469841003, 0.9272727370262146, 0.9327272772789001, 0.9272727370262146, 0.9227272868156433, 0.9290909171104431, 0.9327272772789001, 0.9200000166893005, 0.9254545569419861, 0.9363636374473572, 0.9290909171104431, 0.9345454573631287, 0.9300000071525574, 0.9245454668998718, 0.9327272772789001, 0.918181836605072, 0.9263636469841003, 0.9245454668998718, 0.918181836605072, 0.9236363768577576, 0.9263636469841003, 0.9300000071525574, 0.9309090971946716, 0.9281818270683289, 0.9318181872367859, 0.9272727370262146],