{"categorical_accuracy": [0.7281333208084106, 0.9318333268165588, 0.9554499983787537, 0.9663166403770447, 0.9719333052635193, 0.9757999777793884, 0.9786666631698608, 0.9814500212669373, 0.982283353805542, 0.9848166704177856, 0.9864500164985657, 0.9863166809082031, 0.9875500202178955, 0.9883166551589966, 0.98826664686203, 0.9898666739463806, 0.9900166392326355, 0.989799976348877, 0.9906666874885559, 0.991266667842865, 0.9913166761398315, 0.9916166663169861, 0.991433322429657, 0.9927833080291748, 0.992983341217041, 0.9930333495140076, 0.9924499988555908, 0.9934166669845581, 0.9941499829292297, 0.9940999746322632], "loss": [0.8622940182685852, 0.23816539347171783, 0.15343095362186432, 0.11422410607337952, 0.09517268091440201, 0.07985996454954147, 0.07140354067087173, 0.06252873688936234, 0.05803513526916504, 0.051583509892225266, 0.04608448967337608, 0.04450065270066261, 0.041683346033096313, 0.03822442889213562, 0.03749815747141838, 0.03365832939743996, 0.03234605863690376, 0.03246395289897919, 0.029894240200519562, 0.02815323695540428, 0.027311449870467186, 0.026047617197036743, 0.026119744405150414, 0.022697633132338524, 0.022913409397006035, 0.021270625293254852, 0.022196128964424133, 0.020931655541062355, 0.01886185072362423, 0.018584204837679863], "val_categorical_accuracy": [0.9448999762535095, 0.9689000248908997, 0.9757000207901001, 0.9807000160217285, 0.9832000136375427, 0.9847000241279602, 0.984000027179718, 0.9855999946594238, 0.9864000082015991, 0.9864000082015991, 0.9866999983787537, 0.9868999719619751, 0.9873999953269958, 0.9868999719619751, 0.9872999787330627, 0.9865000247955322, 0.9865999817848206, 0.9887999892234802, 0.9882000088691711, 0.9879000186920166, 0.9886999726295471, 0.9879000186920166, 0.9891999959945679, 0.9889000058174133, 0.9883999824523926, 0.9900000095367432, 0.9897000193595886, 0.9872999787330627, 0.988099992275238, 0.9884999990463257], "val_loss": [0.18543842434883118, 0.09911825507879257, 0.07475998997688293, 0.06049253046512604, 0.054007451981306076, 0.04812566190958023, 0.05057801678776741, 0.04543457180261612, 0.040672991424798965, 0.040710218250751495, 0.041681189090013504, 0.04108574613928795, 0.03968733549118042, 0.04062843695282936, 0.039665162563323975, 0.041787147521972656, 0.0415506549179554, 0.04046843945980072, 0.041379932314157486, 0.038938503712415695, 0.03505435213446617, 0.04360351338982582, 0.04062475636601448, 0.04211190342903137, 0.04344867169857025, 0.03634316846728325, 0.03969428688287735, 0.04335254430770874, 0.04414469376206398, 0.044414520263671875]}