{"categorical_accuracy": [0.43217501044273376, 0.5746250152587891, 0.5968833565711975, 0.6088333129882812, 0.6169166564941406, 0.6223083138465881, 0.6269999742507935, 0.6303750276565552, 0.6348416805267334, 0.6362749934196472, 0.6387249827384949, 0.6400916576385498, 0.6423916816711426, 0.6445083618164062, 0.6449000239372253, 0.6475750207901001, 0.6484583616256714, 0.6493666768074036, 0.6493499875068665, 0.6519833207130432, 0.6524083614349365, 0.6532666683197021, 0.6536083221435547, 0.6553583145141602, 0.6557333469390869, 0.6571583151817322, 0.6561333537101746, 0.6582916378974915, 0.6588000059127808, 0.6591416597366333], "loss": [1.673438310623169, 1.205637812614441, 1.123111367225647, 1.0862979888916016, 1.0590952634811401, 1.0394833087921143, 1.0241646766662598, 1.012292742729187, 0.999660074710846, 0.9930923581123352, 0.9830275774002075, 0.9777275919914246, 0.9737786650657654, 0.9644624590873718, 0.9619739055633545, 0.9567043781280518, 0.9537398219108582, 0.9475999474525452, 0.9466360211372375, 0.9423574805259705, 0.9390155673027039, 0.9372454285621643, 0.9334523677825928, 0.9330518245697021, 0.9294837713241577, 0.9272711873054504, 0.9252986311912537, 0.9214966893196106, 0.9217903017997742, 0.9192261695861816], "val_categorical_accuracy": [0.9451000094413757, 0.9660000205039978, 0.9739000201225281, 0.9800000190734863, 0.9805999994277954, 0.9825999736785889, 0.9819999933242798, 0.9840999841690063, 0.9857000112533569, 0.9857000112533569, 0.9866999983787537, 0.9868000149726868, 0.9860000014305115, 0.9868999719619751, 0.9866999983787537, 0.9882000088691711, 0.9855999946594238, 0.9864000082015991, 0.9843999743461609, 0.9873999953269958, 0.9861999750137329, 0.9876000285148621, 0.9876999855041504, 0.986299991607666, 0.9869999885559082, 0.9860000014305115, 0.9858999848365784, 0.9872000217437744, 0.9884999990463257, 0.9876000285148621], "val_loss": [0.19681882858276367, 0.113262839615345, 0.08384773135185242, 0.06941045820713043, 0.06172860041260719, 0.0551028698682785, 0.055794622749090195, 0.05285606160759926, 0.04989250376820564, 0.04888584464788437, 0.04446639120578766, 0.045186419039964676, 0.04513849318027496, 0.04280745983123779, 0.04458858072757721, 0.03842572495341301, 0.04546654596924782, 0.04470435529947281, 0.046170540153980255, 0.03940283879637718, 0.042044322937726974, 0.03927484527230263, 0.039490386843681335, 0.043314967304468155, 0.04117240756750107, 0.04447178915143013, 0.04387948662042618, 0.04314092546701431, 0.039654992520809174, 0.037951137870550156]}