{"categorical_accuracy": [0.12909090518951416, 0.16363635659217834, 0.21454545855522156, 0.2627272605895996, 0.29818183183670044, 0.36818182468414307, 0.39636364579200745, 0.459090918302536, 0.4727272689342499, 0.5190908908843994, 0.557272732257843, 0.5581818222999573, 0.6263636350631714, 0.6336363554000854, 0.6736363768577576, 0.6972727179527283, 0.7081817984580994, 0.7054545283317566, 0.7454545497894287, 0.7599999904632568, 0.7754545211791992, 0.774545431137085, 0.7881818413734436, 0.8090909123420715, 0.8127272725105286, 0.8363636136054993, 0.8409090638160706, 0.8336363434791565, 0.8600000143051147, 0.864545464515686, 0.8672727346420288, 0.8727272748947144, 0.8790909051895142, 0.8972727060317993, 0.8899999856948853, 0.9118182063102722, 0.9036363363265991, 0.910909116268158, 0.9027272462844849, 0.914545476436615, 0.9309090971946716, 0.921818196773529, 0.9281818270683289, 0.9063636660575867, 0.9336363673210144, 0.9354545474052429, 0.946363627910614, 0.9563636183738708, 0.9409090876579285, 0.9545454382896423, 0.9527272582054138, 0.9509090781211853, 0.9618181586265564, 0.9645454287528992, 0.9536363482475281, 0.9627272486686707, 0.9618181586265564, 0.9590908885002136, 0.9554545283317566, 0.9709091186523438, 0.9781818389892578, 0.975454568862915, 0.9599999785423279, 0.9736363887786865, 0.9736363887786865, 0.9745454788208008, 0.9781818389892578, 0.9681817889213562, 0.9709091186523438, 0.9645454287528992, 0.9781818389892578, 0.9727272987365723, 0.9854545593261719, 0.9790909290313721, 0.9818181991577148, 0.9800000190734863, 0.9836363792419434, 0.9900000095367432, 0.9863636493682861, 0.9763636589050293, 0.9818181991577148, 0.9809091091156006, 0.9863636493682861, 0.9854545593261719, 0.9936363697052002, 0.9890909194946289, 0.9845454692840576, 0.9845454692840576, 0.9890909194946289, 0.9900000095367432, 0.9881818294525146, 0.9927272796630859, 0.9927272796630859, 0.9927272796630859, 0.9936363697052002, 0.9872727394104004, 0.9890909194946289, 0.9918181896209717, 0.9881818294525146, 0.9918181896209717], "loss": [3.0376782417297363, 2.664363384246826, 2.4673969745635986, 2.240718364715576, 2.076744794845581, 1.8782289028167725, 1.7747457027435303, 1.6325212717056274, 1.534676194190979, 1.4404667615890503, 1.3014421463012695, 1.2825140953063965, 1.1354941129684448, 1.0968750715255737, 1.0453370809555054, 0.9633778929710388, 0.9290993809700012, 0.9287386536598206, 0.8130983114242554, 0.7633603811264038, 0.7458962202072144, 0.7039799094200134, 0.6845289468765259, 0.6101837158203125, 0.6099113821983337, 0.5578367114067078, 0.5328235030174255, 0.5312491059303284, 0.4771793484687805, 0.47350725531578064, 0.4678349196910858, 0.435763418674469, 0.4120502769947052, 0.3628256916999817, 0.3905813694000244, 0.34147703647613525, 0.3493279814720154, 0.3318707346916199, 0.3460485637187958, 0.31304869055747986, 0.28154847025871277, 0.29860591888427734, 0.2770395278930664, 0.2888101637363434, 0.23935383558273315, 0.24681763350963593, 0.227250337600708, 0.20673389732837677, 0.23580452799797058, 0.19440466165542603, 0.20875373482704163, 0.18772770464420319, 0.1761842519044876, 0.1716437190771103, 0.17872853577136993, 0.15528501570224762, 0.1700105220079422, 0.1622583270072937, 0.15277081727981567, 0.14886456727981567, 0.11460629105567932, 0.12341142445802689, 0.13843311369419098, 0.1165480986237526, 0.11713395267724991, 0.11251562833786011, 0.10869492590427399, 0.11198832839727402, 0.1122840940952301, 0.12369712442159653, 0.0972827672958374, 0.10518793016672134, 0.08905084431171417, 0.08782003074884415, 0.08559951186180115, 0.09256353974342346, 0.08033748716115952, 0.06948307156562805, 0.07365480065345764, 0.08913199603557587, 0.08298827707767487, 0.07264511287212372, 0.07337808609008789, 0.06856978684663773, 0.05195191875100136, 0.06090911105275154, 0.0689006820321083, 0.06462757289409637, 0.059491682797670364, 0.0651288777589798, 0.06194256991147995, 0.054690148681402206, 0.04448312148451805, 0.05491606518626213, 0.04539558291435242, 0.0504891462624073, 0.05051860213279724, 0.04141925647854805, 0.0524023212492466, 0.047948580235242844], "precision_1": [0.15457412600517273, 0.20462046563625336, 0.2966666519641876, 0.39240506291389465, 0.45846155285835266, 0.5133531093597412, 0.5822102427482605, 0.6463414430618286, 0.6886363625526428, 0.7098121047019958, 0.7706237435340881, 0.7763158082962036, 0.8152542114257812, 0.8291873931884766, 0.8317460417747498, 0.8445748090744019, 0.8499278426170349, 0.8573426604270935, 0.8758256435394287, 0.8881579041481018, 0.8694030046463013, 0.8888888955116272, 0.8859223127365112, 0.8892733454704285, 0.896789014339447, 0.9207248091697693, 0.9229024648666382, 0.9005405306816101, 0.9275675415992737, 0.9306609034538269, 0.9288026094436646, 0.9220231771469116, 0.9317943453788757, 0.9353535175323486, 0.9440993666648865, 0.9584599733352661, 0.9505154490470886, 0.9475277662277222, 0.9485596418380737, 0.9471057653427124, 0.9522417187690735, 0.9457593560218811, 0.9530332684516907, 0.9368836283683777, 0.9638671875, 0.9630350470542908, 0.966926097869873, 0.9764936566352844, 0.9615384340286255, 0.976122260093689, 0.9655172228813171, 0.9724334478378296, 0.9770773649215698, 0.9819391369819641, 0.9696682691574097, 0.9763481616973877, 0.9718044996261597, 0.9754948019981384, 0.9716981053352356, 0.9820585250854492, 0.9869767427444458, 0.9813780188560486, 0.9774436354637146, 0.9814985990524292, 0.9796673059463501, 0.9841269850730896, 0.9851577281951904, 0.9804469347000122, 0.9804832935333252, 0.9811853170394897, 0.9897674322128296, 0.9842592477798462, 0.9898523688316345, 0.9852941036224365, 0.984375, 0.9870729446411133, 0.9889705777168274, 0.992694079875946, 0.989880383014679, 0.9825688004493713, 0.9889401197433472, 0.9880184531211853, 0.9908003807067871, 0.9899082779884338, 0.9963503479957581, 0.99083411693573, 0.9890109896659851, 0.9890009164810181, 0.9917507171630859, 0.9917203187942505, 0.9935661554336548, 0.9935838580131531, 0.9945255517959595, 0.9945105314254761, 0.9945205450057983, 0.9881710410118103, 0.9917657971382141, 0.9954379796981812, 0.9954128265380859, 0.9945054650306702],