{"categorical_accuracy": [0.8258735537528992, 0.9493677020072937, 0.9671713709831238, 0.9747254848480225, 0.9786688685417175, 0.9839267730712891, 0.9841930270195007, 0.9867886900901794, 0.9898335933685303, 0.9898669123649597, 0.9911980032920837, 0.992096483707428, 0.9925290942192078, 0.9932113289833069, 0.9939767122268677, 0.9944925308227539, 0.9934608936309814, 0.9940931797027588, 0.9949750304222107, 0.9958069920539856, 0.9953078031539917, 0.9954409599304199, 0.9963061809539795, 0.9957570433616638, 0.997104823589325, 0.9964226484298706, 0.996555745601654, 0.9963394403457642, 0.9973211288452148, 0.996605634689331], "loss": [0.5844041705131531, 0.17999468743801117, 0.11723878979682922, 0.0889735221862793, 0.07348401844501495, 0.05622996389865875, 0.05291006714105606, 0.04395899176597595, 0.03570880740880966, 0.03583036735653877, 0.02975018508732319, 0.02708619460463524, 0.024802831932902336, 0.023101426661014557, 0.020588843151926994, 0.019835658371448517, 0.02018263377249241, 0.019560616463422775, 0.01615097187459469, 0.013132160529494286, 0.014758304692804813, 0.01401117630302906, 0.011712809093296528, 0.01398045290261507, 0.009742033667862415, 0.012822982855141163, 0.011221036314964294, 0.010930446907877922, 0.009304612874984741, 0.011330543085932732], "val_categorical_accuracy": [0.1931000053882599, 0.0957999974489212, 0.10329999774694443, 0.11389999836683273, 0.09629999846220016, 0.1632000058889389, 0.0957999974489212, 0.33160001039505005, 0.15479999780654907, 0.3612000048160553, 0.3506999909877777, 0.2101999968290329, 0.1818999946117401, 0.2134000062942505, 0.2973000109195709, 0.18950000405311584, 0.23659999668598175, 0.3386000096797943, 0.41769999265670776, 0.5378999710083008, 0.637499988079071, 0.13410000503063202, 0.14339999854564667, 0.0989999994635582, 0.3192000091075897, 0.5307999849319458, 0.4343999922275543, 0.4724000096321106, 0.4900999963283539, 0.487199991941452], "val_loss": [16.574480056762695, 11.128719329833984, 19.04715347290039, 19.275074005126953, 17.22121810913086, 15.696477890014648, 31.586843490600586, 3.851732015609741, 11.558725357055664, 4.062963485717773, 3.632913589477539, 8.02835750579834, 3.989464521408081, 6.327521324157715, 6.832509517669678, 7.058557033538818, 5.851449012756348, 3.524587869644165, 2.605525016784668, 1.7385388612747192, 1.8757565021514893, 9.006891250610352, 6.89011812210083, 12.07172966003418, 3.5639984607696533, 2.497729539871216, 3.795283317565918, 3.6522300243377686, 3.5703258514404297, 2.9308390617370605]}