{"categorical_accuracy": [0.10916666686534882, 0.1341666728258133, 0.15833333134651184, 0.19499999284744263, 0.20000000298023224, 0.20999999344348907, 0.22499999403953552, 0.24833333492279053, 0.25833332538604736, 0.28999999165534973, 0.3050000071525574, 0.3008333444595337, 0.33666667342185974, 0.31833332777023315, 0.34166666865348816, 0.3774999976158142, 0.3816666603088379, 0.3891666531562805, 0.4358333349227905, 0.44333332777023315, 0.4633333384990692, 0.46000000834465027, 0.4625000059604645, 0.4891666769981384, 0.5008333325386047, 0.49416667222976685, 0.5058333277702332, 0.5400000214576721, 0.565833330154419, 0.5941666960716248, 0.5625, 0.5899999737739563, 0.6058333516120911, 0.5841666460037231, 0.6441666483879089, 0.6308333277702332, 0.6299999952316284, 0.6508333086967468, 0.6658333539962769, 0.6708333492279053, 0.690833330154419, 0.6691666841506958, 0.6808333396911621, 0.699999988079071, 0.7024999856948853, 0.7350000143051147, 0.7283333539962769, 0.7316666841506958, 0.7475000023841858, 0.7250000238418579, 0.7200000286102295, 0.7241666913032532, 0.7733333110809326, 0.7641666531562805, 0.7441666722297668, 0.7925000190734863, 0.73416668176651, 0.7699999809265137, 0.7708333134651184, 0.7975000143051147, 0.7433333396911621, 0.7866666913032532, 0.7891666889190674, 0.79666668176651, 0.8058333396911621, 0.8224999904632568, 0.8141666650772095, 0.8299999833106995, 0.8083333373069763, 0.8258333206176758, 0.840833306312561, 0.8058333396911621, 0.8224999904632568, 0.8308333158493042, 0.8583333492279053, 0.8224999904632568, 0.8491666913032532, 0.8475000262260437, 0.8575000166893005, 0.8766666650772095, 0.8600000143051147, 0.8191666603088379, 0.8424999713897705, 0.8691666722297668, 0.8550000190734863, 0.8550000190734863, 0.8650000095367432, 0.8791666626930237, 0.8824999928474426, 0.8725000023841858, 0.8608333468437195, 0.8666666746139526, 0.8708333373069763, 0.8766666650772095, 0.8791666626930237, 0.8899999856948853, 0.871666669845581, 0.8958333134651184, 0.9108333587646484, 0.8974999785423279], "loss": [3.071082830429077, 2.792351245880127, 2.6151018142700195, 2.4994232654571533, 2.459122896194458, 2.41921329498291, 2.3864409923553467, 2.298886299133301, 2.2468338012695312, 2.134579658508301, 2.0864219665527344, 2.029798984527588, 1.9690693616867065, 2.0096957683563232, 1.9370192289352417, 1.8642981052398682, 1.8420041799545288, 1.8303263187408447, 1.6715506315231323, 1.6679868698120117, 1.5941849946975708, 1.5702401399612427, 1.5961395502090454, 1.510689377784729, 1.5203458070755005, 1.4751337766647339, 1.464831829071045, 1.3652173280715942, 1.319907307624817, 1.266255259513855, 1.2664759159088135, 1.2665921449661255, 1.1787605285644531, 1.2309635877609253, 1.0933659076690674, 1.132023572921753, 1.1198891401290894, 1.111413836479187, 1.0656566619873047, 1.0624899864196777, 0.9645899534225464, 1.0037339925765991, 1.0186710357666016, 0.9225679636001587, 0.9208289384841919, 0.8391087055206299, 0.8284750580787659, 0.8319911360740662, 0.8254555463790894, 0.8770626783370972, 0.8293336629867554, 0.8297865986824036, 0.7657757997512817, 0.7431526184082031, 0.8370886445045471, 0.6740493774414062, 0.815894603729248, 0.7477714419364929, 0.7109242677688599, 0.6515201330184937, 0.7992371320724487, 0.6849679350852966, 0.6929174065589905, 0.6440860033035278, 0.6435530185699463, 0.5876708030700684, 0.5865071415901184, 0.5507831573486328, 0.5936611294746399, 0.5655422210693359, 0.5268417596817017, 0.6245699524879456, 0.5633765459060669, 0.5318674445152283, 0.4943361282348633, 0.5408506989479065, 0.47399571537971497, 0.5044105648994446, 0.4775353968143463, 0.41543683409690857, 0.45185232162475586, 0.546707272529602, 0.4605463743209839, 0.43339625000953674, 0.4818434715270996, 0.4665149450302124, 0.4892632067203522, 0.3998018503189087, 0.39613157510757446, 0.3976673483848572, 0.4710245728492737, 0.4249294400215149, 0.39186331629753113, 0.39569875597953796, 0.39266884326934814, 0.34017181396484375, 0.4010491967201233, 0.3331484794616699, 0.30509886145591736, 0.3562450706958771], "precision_12": [0.09905660152435303, 0.1266375482082367, 0.21590909361839294, 0.31481480598449707, 0.32894736528396606, 0.32057416439056396, 0.38723403215408325, 0.4254385828971863, 0.4384615421295166, 0.48028674721717834, 0.4965035021305084, 0.5464285612106323, 0.5536912679672241, 0.5331125855445862, 0.5601266026496887, 0.5665796399116516, 0.6142857074737549, 0.5926892757415771, 0.6666666865348816, 0.6555819511413574, 0.7123287916183472, 0.6875, 0.681614339351654, 0.6966527104377747, 0.685071587562561, 0.7077798843383789, 0.7029520273208618, 0.7327272891998291, 0.75, 0.7469135522842407, 0.748735249042511, 0.7614378929138184, 0.7861538529396057, 0.753918468952179, 0.7960724830627441, 0.7816091775894165, 0.7720057964324951, 0.7881355881690979, 0.8135135173797607, 0.8091503381729126, 0.8474576473236084, 0.8300395011901855, 0.8214285969734192, 0.8371211886405945, 0.8368356227874756, 0.8556337952613831, 0.8417350649833679, 0.8703703880310059, 0.8564867973327637, 0.8352272510528564, 0.8491228222846985, 0.8512110710144043, 0.8905192017555237, 0.865217387676239, 0.8615560531616211, 0.8798701167106628, 0.84375, 0.8758241534233093, 0.8719316720962524, 0.9078242182731628, 0.8523862361907959, 0.8791443705558777, 0.8752642869949341, 0.8939709067344666, 0.8822314143180847, 0.9053497910499573, 0.8794326186180115, 0.8980827331542969, 0.8820000290870667, 0.9034826159477234, 0.9019607901573181, 0.890798807144165, 0.8989999890327454, 0.898821234703064, 0.9142581820487976, 0.9034826159477234, 0.9066293239593506, 0.9082927107810974, 0.9165858626365662, 0.9312617778778076, 0.9109195470809937, 0.8934911489486694, 0.9024856686592102, 0.9201127886772156, 0.9115384817123413, 0.9034090638160706, 0.9101338386535645, 0.9165137410163879, 0.9327102899551392, 0.9183486104011536, 0.9048938155174255, 0.9190475940704346, 0.9143117666244507, 0.9288355112075806, 0.9257196187973022, 0.93019038438797, 0.9292452931404114, 0.930656909942627, 0.9351935386657715, 0.9332129955291748],