{"categorical_accuracy": [0.1525000035762787, 0.20916666090488434, 0.25333333015441895, 0.3191666603088379, 0.3499999940395355, 0.3858333230018616, 0.44749999046325684, 0.43166667222976685, 0.4866666793823242, 0.4950000047683716, 0.503333330154419, 0.5358333587646484, 0.5625, 0.5425000190734863, 0.5816666483879089, 0.5799999833106995, 0.6050000190734863, 0.6058333516120911, 0.6508333086967468, 0.6449999809265137, 0.67166668176651, 0.6549999713897705, 0.7008333206176758, 0.6883333325386047, 0.6991666555404663, 0.721666693687439, 0.6833333373069763, 0.7241666913032532, 0.7433333396911621, 0.7666666507720947, 0.7408333420753479, 0.7749999761581421, 0.7674999833106995, 0.7558333277702332, 0.7691666483879089, 0.76583331823349, 0.7866666913032532, 0.7724999785423279, 0.8166666626930237, 0.8216666579246521, 0.8116666674613953, 0.8116666674613953, 0.8308333158493042, 0.8191666603088379, 0.8308333158493042, 0.8491666913032532, 0.8533333539962769, 0.8500000238418579, 0.8608333468437195, 0.8475000262260437, 0.8616666793823242, 0.840833306312561, 0.8483333587646484, 0.862500011920929, 0.8774999976158142, 0.8833333253860474, 0.8991666436195374, 0.8958333134651184, 0.8758333325386047, 0.8899999856948853, 0.8891666531562805, 0.8849999904632568, 0.8799999952316284, 0.9158333539962769, 0.9075000286102295, 0.8741666674613953, 0.903333306312561, 0.9075000286102295, 0.8991666436195374, 0.9150000214576721, 0.9066666960716248, 0.9233333468437195, 0.9100000262260437, 0.9158333539962769, 0.9233333468437195, 0.9266666769981384, 0.9183333516120911, 0.9300000071525574, 0.940833330154419, 0.9266666769981384, 0.9333333373069763, 0.925000011920929, 0.9366666674613953, 0.9283333420753479, 0.9441666603088379, 0.9583333134651184, 0.9258333444595337, 0.9383333325386047, 0.9424999952316284, 0.9300000071525574, 0.9458333253860474, 0.9316666722297668, 0.9558333158493042, 0.9616666436195374, 0.9483333230018616, 0.940833330154419, 0.9375, 0.9700000286102295, 0.9466666579246521, 0.9616666436195374], "loss": [2.883744716644287, 2.5066685676574707, 2.269789934158325, 2.0880467891693115, 2.0131351947784424, 1.8237941265106201, 1.6893997192382812, 1.6853160858154297, 1.5973199605941772, 1.5130481719970703, 1.5221703052520752, 1.4328075647354126, 1.353340983390808, 1.375999093055725, 1.2778908014297485, 1.2866714000701904, 1.1778564453125, 1.2095195055007935, 1.0907152891159058, 1.0971037149429321, 1.0222748517990112, 1.0402367115020752, 0.9665213227272034, 0.959638774394989, 0.9000993967056274, 0.8244792819023132, 0.9879269599914551, 0.8614850640296936, 0.8136192560195923, 0.7492656707763672, 0.7927089929580688, 0.679481029510498, 0.7464648485183716, 0.7371585369110107, 0.7046995759010315, 0.6739302277565002, 0.7030211687088013, 0.6741095185279846, 0.5772980451583862, 0.5728623867034912, 0.6396757960319519, 0.6037898659706116, 0.5628863573074341, 0.5729687213897705, 0.5589858293533325, 0.5169682502746582, 0.47901976108551025, 0.47071975469589233, 0.4634488523006439, 0.4956626296043396, 0.44503912329673767, 0.5067493915557861, 0.4753481149673462, 0.4500458240509033, 0.4108732342720032, 0.3904886543750763, 0.35374876856803894, 0.354543536901474, 0.3880429267883301, 0.38332295417785645, 0.3493037223815918, 0.39209529757499695, 0.37145155668258667, 0.3237896263599396, 0.32430481910705566, 0.39164847135543823, 0.3448180556297302, 0.31246712803840637, 0.3486548960208893, 0.30235227942466736, 0.28345417976379395, 0.26476210355758667, 0.2912136912345886, 0.28465360403060913, 0.2722366750240326, 0.24924814701080322, 0.2738073170185089, 0.22831912338733673, 0.23569214344024658, 0.24127459526062012, 0.2329840362071991, 0.25429075956344604, 0.1988646388053894, 0.2445489764213562, 0.21761354804039001, 0.16623321175575256, 0.23840059340000153, 0.2002144306898117, 0.22529475390911102, 0.22607269883155823, 0.18902336061000824, 0.2283383458852768, 0.17918065190315247, 0.15258324146270752, 0.18738511204719543, 0.19750522077083588, 0.20171906054019928, 0.1277330070734024, 0.17695443332195282, 0.15405456721782684], "val_categorical_accuracy": [0.0981818214058876, 0.0981818214058876, 0.0981818214058876, 0.0981818214058876, 0.09454545378684998, 0.09454545378684998, 0.09454545378684998, 0.09454545378684998, 0.09454545378684998, 0.09454545378684998, 0.09454545378684998, 0.09636363387107849, 0.12727272510528564, 0.22909091413021088, 0.35181817412376404, 0.44818180799484253, 0.581818163394928, 0.6745454668998718, 0.7445454597473145, 0.7636363506317139, 0.7772727012634277, 0.7900000214576721, 0.7972727417945862, 0.8045454621315002, 0.8172727227210999, 0.8209090828895569, 0.8290908932685852, 0.8290908932685852, 0.8409090638160706, 0.8436363339424133, 0.8427272439002991, 0.8518182039260864, 0.8463636636734009, 0.8554545640945435, 0.8563636541366577, 0.8545454740524292, 0.8554545640945435, 0.8554545640945435, 0.8654545545578003, 0.8627272844314575, 0.8618181943893433, 0.8681818246841431, 0.8690909147262573, 0.8736363649368286, 0.8763636350631714, 0.8827272653579712, 0.8818181753158569, 0.8827272653579712, 0.8836363554000854, 0.8809090852737427, 0.8845454454421997, 0.889090895652771, 0.8827272653579712, 0.885454535484314, 0.8790909051895142, 0.8881818056106567, 0.8863636255264282, 0.8918181657791138, 0.889090895652771, 0.8881818056106567, 0.8909090757369995, 0.8918181657791138, 0.8918181657791138, 0.8936363458633423, 0.8945454359054565, 0.889090895652771, 0.8918181657791138, 0.8945454359054565, 0.889090895652771, 0.8981817960739136, 0.8954545259475708, 0.889090895652771, 0.8909090757369995, 0.8899999856948853, 0.8909090757369995, 0.8963636159896851, 0.8936363458633423, 0.8918181657791138, 0.8918181657791138, 0.8918181657791138, 0.8954545259475708, 0.8918181657791138, 0.8963636159896851, 0.8981817960739136, 0.8909090757369995, 0.8981817960739136, 0.8981817960739136, 0.8881818056106567, 0.8936363458633423, 0.8945454359054565, 0.8945454359054565, 0.8945454359054565, 0.9009090662002563, 0.8999999761581421, 0.8963636159896851, 0.8954545259475708, 0.8972727060317993, 0.8954545259475708, 0.8990908861160278, 0.8972727060317993],