{"categorical_accuracy": [0.3983624279499054, 0.5422635078430176, 0.5767285227775574, 0.5951969623565674, 0.6078546643257141, 0.61629319190979, 0.6227269768714905, 0.6285919547080994, 0.6344704031944275, 0.6374909281730652, 0.6403962969779968, 0.643877387046814, 0.6472432613372803, 0.6498980522155762, 0.6507987976074219, 0.652837336063385, 0.6542121171951294, 0.6551738381385803, 0.6563792824745178, 0.6599687337875366, 0.6586751937866211, 0.6614789962768555, 0.6624271273612976, 0.6628199219703674, 0.6636326313018799, 0.6648855209350586, 0.6654340624809265, 0.6660232543945312, 0.6676215529441833, 0.667350709438324], "loss": [1.752245306968689, 1.306160807609558, 1.1989831924438477, 1.1405924558639526, 1.101169228553772, 1.0742052793502808, 1.0522372722625732, 1.034382700920105, 1.0212379693984985, 1.0097390413284302, 0.9990247488021851, 0.9880162477493286, 0.9805945158004761, 0.9721154570579529, 0.9678102135658264, 0.9617815613746643, 0.9559402465820312, 0.9548326134681702, 0.9488255381584167, 0.9441473484039307, 0.9412990212440491, 0.9358352422714233, 0.9359557628631592, 0.9312585592269897, 0.9296246767044067, 0.9253958463668823, 0.9258421659469604, 0.9227579832077026, 0.9171422123908997, 0.9150267839431763], "val_categorical_accuracy": [0.1817999929189682, 0.13429999351501465, 0.19619999825954437, 0.48649999499320984, 0.48019999265670776, 0.21629999577999115, 0.7300999760627747, 0.6284000277519226, 0.684499979019165, 0.7782999873161316, 0.7245000004768372, 0.7192000150680542, 0.7196999788284302, 0.7750999927520752, 0.7530999779701233, 0.8036999702453613, 0.8633999824523926, 0.753000020980835, 0.767300009727478, 0.6557000279426575, 0.7967000007629395, 0.7527999877929688, 0.6682000160217285, 0.6679999828338623, 0.7663999795913696, 0.8246999979019165, 0.7355999946594238, 0.7074999809265137, 0.7035999894142151, 0.6545000076293945], "val_loss": [2.169034004211426, 2.216256856918335, 2.2390923500061035, 2.0954947471618652, 2.160667896270752, 2.2429215908050537, 1.910826563835144, 2.0562219619750977, 2.0374934673309326, 1.651097297668457, 1.637506127357483, 1.6863092184066772, 1.8424614667892456, 1.3948302268981934, 1.5842610597610474, 1.5214431285858154, 1.0820821523666382, 1.579035758972168, 1.352588176727295, 1.6940650939941406, 1.3347656726837158, 1.5349620580673218, 1.3403675556182861, 1.4684733152389526, 1.2188727855682373, 1.155609130859375, 1.3767004013061523, 1.3807244300842285, 1.5548644065856934, 1.551352858543396]}