{"categorical_accuracy": [0.5167223811149597, 0.6185609698295593, 0.64783775806427, 0.6645296216011047, 0.6746477484703064, 0.6826649904251099, 0.688784658908844, 0.6951212286949158, 0.699526309967041, 0.7051376700401306, 0.7097189426422119, 0.7132565975189209, 0.7150728106498718, 0.7183122634887695, 0.7229138612747192, 0.7246419787406921, 0.7280779480934143, 0.729189395904541, 0.732035756111145, 0.7344009280204773, 0.7359664440155029, 0.7392329573631287, 0.7404664158821106, 0.7415507435798645, 0.746030330657959, 0.7458880543708801, 0.7482667565345764, 0.7488157153129578, 0.7517027258872986, 0.7530784606933594], "loss": [1.4171050786972046, 1.0752886533737183, 0.9893151521682739, 0.9392909407615662, 0.9062463045120239, 0.8801830410957336, 0.8634722828865051, 0.8452710509300232, 0.8300716876983643, 0.8182398080825806, 0.8029735684394836, 0.7938516139984131, 0.7860898971557617, 0.7773346304893494, 0.7647421360015869, 0.759069561958313, 0.7499682307243347, 0.7439916133880615, 0.7371100783348083, 0.730833113193512, 0.725639820098877, 0.7185207009315491, 0.7114022970199585, 0.7085239291191101, 0.7010737657546997, 0.696625828742981, 0.6905664205551147, 0.6886414885520935, 0.680852472782135, 0.6770449876785278], "val_categorical_accuracy": [0.9747999906539917, 0.9814000129699707, 0.9851999878883362, 0.9876999855041504, 0.987500011920929, 0.987500011920929, 0.9887999892234802, 0.9909999966621399, 0.9900000095367432, 0.9890000224113464, 0.9898999929428101, 0.9907000064849854, 0.9897000193595886, 0.9898999929428101, 0.9898999929428101, 0.9909999966621399, 0.988099992275238, 0.9890000224113464, 0.989300012588501, 0.9897000193595886, 0.9890999794006348, 0.991100013256073, 0.9901000261306763, 0.9901000261306763, 0.9891999959945679, 0.989799976348877, 0.9894000291824341, 0.9886000156402588, 0.9896000027656555, 0.9894999861717224], "val_loss": [0.08652891218662262, 0.06292729824781418, 0.04883015528321266, 0.04149794206023216, 0.039950404316186905, 0.03935926407575607, 0.03446115180850029, 0.03150444105267525, 0.033269621431827545, 0.03468018025159836, 0.03424340859055519, 0.03201380744576454, 0.03340936079621315, 0.032194312661886215, 0.033651698380708694, 0.029811767861247063, 0.03522048145532608, 0.032381873577833176, 0.03329356014728546, 0.033674322068691254, 0.03347615525126457, 0.03192976862192154, 0.03207625821232796, 0.03344617784023285, 0.03261696547269821, 0.03262593224644661, 0.03584403172135353, 0.03791816905140877, 0.035098448395729065, 0.03550291806459427]}