{"categorical_accuracy": [0.07666666805744171, 0.12166666984558105, 0.13249999284744263, 0.14499999582767487, 0.1341666728258133, 0.14083333313465118, 0.14666666090488434, 0.16083332896232605, 0.17166666686534882, 0.19249999523162842, 0.19249999523162842, 0.25, 0.21583333611488342, 0.22750000655651093, 0.25333333015441895, 0.2616666555404663, 0.27166667580604553, 0.2758333384990692, 0.28833332657814026, 0.3008333444595337, 0.2683333456516266, 0.28583332896232605, 0.3075000047683716, 0.3174999952316284, 0.33666667342185974, 0.3499999940395355, 0.3633333444595337, 0.3616666793823242, 0.3675000071525574, 0.3491666615009308, 0.36250001192092896, 0.3633333444595337, 0.4074999988079071, 0.39750000834465027, 0.3933333456516266, 0.4216666519641876, 0.4000000059604645, 0.43416666984558105, 0.4516666531562805, 0.4441666603088379, 0.4558333456516266, 0.4541666805744171, 0.47749999165534973, 0.4583333432674408, 0.4716666638851166, 0.4741666615009308, 0.4883333444595337, 0.5208333134651184, 0.5091666579246521, 0.5058333277702332, 0.5166666507720947, 0.5325000286102295, 0.5308333039283752, 0.5408333539962769, 0.5508333444595337, 0.5208333134651184, 0.5741666555404663, 0.5416666865348816, 0.5791666507720947, 0.5724999904632568, 0.5924999713897705, 0.621666669845581, 0.612500011920929, 0.5975000262260437, 0.6041666865348816, 0.628333330154419, 0.6075000166893005, 0.6466666460037231, 0.6508333086967468, 0.6358333230018616, 0.6700000166893005, 0.6308333277702332, 0.67166668176651, 0.6650000214576721, 0.6958333253860474, 0.6691666841506958, 0.6966666579246521, 0.6891666650772095, 0.6825000047683716, 0.6791666746139526, 0.7116666436195374, 0.7124999761581421, 0.7241666913032532, 0.7116666436195374, 0.7266666889190674, 0.7308333516120911, 0.7450000047683716, 0.7233333587646484, 0.7258333563804626, 0.7275000214576721, 0.7541666626930237, 0.7266666889190674, 0.7350000143051147, 0.7383333444595337, 0.7475000023841858, 0.7508333325386047, 0.7724999785423279, 0.7708333134651184, 0.7699999809265137, 0.7608333230018616], "loss": [3.067699432373047, 2.8124706745147705, 2.84989857673645, 2.684567451477051, 2.6855595111846924, 2.6806368827819824, 2.6205644607543945, 2.554941415786743, 2.493903636932373, 2.407709836959839, 2.3853919506073, 2.303122043609619, 2.387995481491089, 2.2968673706054688, 2.2713370323181152, 2.1937835216522217, 2.180248737335205, 2.1428706645965576, 2.0695061683654785, 2.0703001022338867, 2.1146371364593506, 2.0799965858459473, 2.0161359310150146, 1.9552701711654663, 1.9017846584320068, 1.9559309482574463, 1.933794379234314, 1.840726375579834, 1.8236238956451416, 1.841722846031189, 1.80994713306427, 1.824772596359253, 1.7154223918914795, 1.7448679208755493, 1.7113837003707886, 1.721580982208252, 1.7015892267227173, 1.660224199295044, 1.5606948137283325, 1.5869035720825195, 1.626083493232727, 1.5396223068237305, 1.5175009965896606, 1.5429089069366455, 1.4916388988494873, 1.5128235816955566, 1.5186834335327148, 1.4015939235687256, 1.3964037895202637, 1.4192754030227661, 1.359814167022705, 1.3560773134231567, 1.3323860168457031, 1.3205687999725342, 1.3037667274475098, 1.3288886547088623, 1.265343427658081, 1.3428996801376343, 1.2342004776000977, 1.2281768321990967, 1.2008309364318848, 1.1437469720840454, 1.181422472000122, 1.1431777477264404, 1.1142699718475342, 1.0822571516036987, 1.1362353563308716, 1.0567775964736938, 1.0381470918655396, 1.0778145790100098, 1.000091791152954, 1.0699557065963745, 1.0216680765151978, 1.0311484336853027, 0.9321215748786926, 0.9765855073928833, 0.9305376410484314, 0.9483771920204163, 0.952208936214447, 0.978916347026825, 0.8861417770385742, 0.8604311943054199, 0.8753837943077087, 0.9158707857131958, 0.8287642598152161, 0.7833425402641296, 0.793171763420105, 0.8337940573692322, 0.8572954535484314, 0.8256005644798279, 0.764487624168396, 0.8227335810661316, 0.7818395495414734, 0.7846489548683167, 0.7713455557823181, 0.7630223035812378, 0.7199669480323792, 0.6996918320655823, 0.6953355669975281, 0.7413525581359863], "val_categorical_accuracy": [0.10272727161645889, 0.10272727161645889, 0.10272727161645889, 0.10272727161645889, 0.10272727161645889, 0.10272727161645889, 0.1599999964237213, 0.1536363661289215, 0.15636363625526428, 0.20363636314868927, 0.1945454478263855, 0.15636363625526428, 0.11818181723356247, 0.1281818151473999, 0.16181817650794983, 0.20636363327503204, 0.26818183064460754, 0.19818182289600372, 0.22818182408809662, 0.28090909123420715, 0.2581818103790283, 0.20181818306446075, 0.23000000417232513, 0.2263636291027069, 0.2800000011920929, 0.2581818103790283, 0.36636364459991455, 0.2781818211078644, 0.20363636314868927, 0.22363635897636414, 0.27636364102363586, 0.2645454406738281, 0.32818183302879333, 0.23363636434078217, 0.24636363983154297, 0.2327272742986679, 0.23818181455135345, 0.33000001311302185, 0.26363635063171387, 0.32636362314224243, 0.3136363625526428, 0.3354545533657074, 0.4490908980369568, 0.3245454430580139, 0.348181813955307, 0.40727272629737854, 0.4190908968448639, 0.3199999928474426, 0.4190908968448639, 0.4381818175315857, 0.44727271795272827, 0.4318181872367859, 0.4445454478263855, 0.4618181884288788, 0.4527272582054138, 0.4418181777000427, 0.4981818199157715, 0.3527272641658783, 0.42636364698410034, 0.45181816816329956, 0.5836363434791565, 0.5027272701263428, 0.5136363506317139, 0.6481817960739136, 0.5881817936897278, 0.46909090876579285, 0.3227272629737854, 0.3672727346420288, 0.44545453786849976, 0.4354545474052429, 0.6690909266471863, 0.6327272653579712, 0.43090909719467163, 0.38181817531585693, 0.37090909481048584, 0.36636364459991455, 0.5627272725105286, 0.6972727179527283, 0.6490908861160278, 0.5063636302947998, 0.44727271795272827, 0.4081818163394928, 0.22181817889213562, 0.4790908992290497, 0.40909090638160706, 0.459090918302536, 0.6409090757369995, 0.29636362195014954, 0.3763636350631714, 0.41090908646583557, 0.5236363410949707, 0.49454545974731445, 0.39818182587623596, 0.20454545319080353, 0.4727272689342499, 0.39454546570777893, 0.5381818413734436, 0.7345454692840576, 0.6281818151473999, 0.44090908765792847],