{"categorical_accuracy": [0.1966666728258133, 0.4074999988079071, 0.5441666841506958, 0.6349999904632568, 0.7149999737739563, 0.7441666722297668, 0.7816666960716248, 0.7900000214576721, 0.8216666579246521, 0.8566666841506958, 0.8566666841506958, 0.8575000166893005, 0.878333330154419, 0.8916666507720947, 0.903333306312561, 0.9049999713897705, 0.9191666841506958, 0.909166693687439, 0.9233333468437195, 0.9208333492279053, 0.9283333420753479, 0.9183333516120911, 0.934166669845581, 0.9358333349227905, 0.9383333325386047, 0.940833330154419, 0.9433333277702332, 0.9433333277702332, 0.9483333230018616, 0.9449999928474426, 0.9491666555404663, 0.9516666531562805, 0.949999988079071, 0.9591666460037231, 0.9599999785423279, 0.9549999833106995, 0.95333331823349, 0.965833306312561, 0.9608333110809326, 0.9616666436195374, 0.9583333134651184, 0.9574999809265137, 0.9608333110809326, 0.9641666412353516, 0.9599999785423279, 0.9608333110809326, 0.9583333134651184, 0.9591666460037231, 0.9558333158493042, 0.9549999833106995, 0.9583333134651184, 0.9616666436195374, 0.9641666412353516, 0.965833306312561, 0.9616666436195374, 0.9649999737739563, 0.9633333086967468, 0.9649999737739563, 0.9599999785423279, 0.9649999737739563, 0.9683333039283752, 0.9633333086967468, 0.9633333086967468, 0.9641666412353516, 0.9624999761581421, 0.9608333110809326, 0.9624999761581421, 0.9558333158493042, 0.9624999761581421, 0.965833306312561, 0.9624999761581421, 0.9641666412353516, 0.965833306312561, 0.9624999761581421, 0.9633333086967468, 0.9633333086967468, 0.9641666412353516, 0.9666666388511658, 0.9649999737739563, 0.965833306312561, 0.9666666388511658, 0.9641666412353516, 0.9616666436195374, 0.965833306312561, 0.9649999737739563, 0.965833306312561, 0.9633333086967468, 0.9633333086967468, 0.9649999737739563, 0.9633333086967468, 0.9633333086967468, 0.9674999713897705, 0.9616666436195374, 0.9624999761581421, 0.9649999737739563, 0.9649999737739563, 0.9641666412353516, 0.9641666412353516, 0.9666666388511658, 0.9641666412353516], "loss": [2.6724236011505127, 1.797193169593811, 1.4174563884735107, 1.182033896446228, 0.9922868609428406, 0.8688181638717651, 0.760834813117981, 0.7175353765487671, 0.6547055840492249, 0.5633560419082642, 0.5426377654075623, 0.5269961357116699, 0.4573238492012024, 0.4352666139602661, 0.3910556435585022, 0.38433006405830383, 0.3525773882865906, 0.35840529203414917, 0.3241751194000244, 0.31801870465278625, 0.3040671646595001, 0.2916978895664215, 0.26895833015441895, 0.2568971812725067, 0.25099021196365356, 0.23035618662834167, 0.23328305780887604, 0.2299366295337677, 0.22377417981624603, 0.22181551158428192, 0.21542927622795105, 0.19538769125938416, 0.19289854168891907, 0.1734137386083603, 0.1774197816848755, 0.1807178109884262, 0.19066935777664185, 0.15969346463680267, 0.1734815388917923, 0.15891532599925995, 0.16556479036808014, 0.16400104761123657, 0.16387803852558136, 0.152677983045578, 0.15450109541416168, 0.15437936782836914, 0.16094355285167694, 0.15203793346881866, 0.1463746428489685, 0.15433436632156372, 0.14736980199813843, 0.14257344603538513, 0.13140909373760223, 0.13628937304019928, 0.1353941410779953, 0.13457494974136353, 0.1334182173013687, 0.12993238866329193, 0.13890929520130157, 0.13054783642292023, 0.1327589452266693, 0.1412053108215332, 0.12738150358200073, 0.13027332723140717, 0.1423596292734146, 0.11929062008857727, 0.13628728687763214, 0.15625372529029846, 0.13970257341861725, 0.12933197617530823, 0.12850290536880493, 0.12266784906387329, 0.13429871201515198, 0.14236736297607422, 0.1187124103307724, 0.12996330857276917, 0.12350233644247055, 0.11672012507915497, 0.11260729283094406, 0.11605381220579147, 0.11168591678142548, 0.11927077919244766, 0.1218038946390152, 0.11513422429561615, 0.11867620795965195, 0.10992627590894699, 0.11930728703737259, 0.11919665336608887, 0.1149275079369545, 0.1232597827911377, 0.11018764227628708, 0.11312621086835861, 0.11529456079006195, 0.11863286048173904, 0.112220399081707, 0.11870861053466797, 0.11971860378980637, 0.117216095328331, 0.1113257110118866, 0.10992982238531113], "val_categorical_accuracy": [0.10272727161645889, 0.10272727161645889, 0.10272727161645889, 0.10272727161645889, 0.10272727161645889, 0.10818181931972504, 0.13818182051181793, 0.21272727847099304, 0.28090909123420715, 0.39181819558143616, 0.5272727012634277, 0.6100000143051147, 0.7190909385681152, 0.7936363816261292, 0.8427272439002991, 0.8754545450210571, 0.8945454359054565, 0.9009090662002563, 0.910909116268158, 0.9063636660575867, 0.9100000262260437, 0.9127272963523865, 0.9172727465629578, 0.9127272963523865, 0.9127272963523865, 0.914545476436615, 0.9254545569419861, 0.9200000166893005, 0.914545476436615, 0.918181836605072, 0.9209091067314148, 0.9172727465629578, 0.9209091067314148, 0.921818196773529, 0.921818196773529, 0.9263636469841003, 0.9227272868156433, 0.9300000071525574, 0.9200000166893005, 0.9236363768577576, 0.9209091067314148, 0.9290909171104431, 0.9200000166893005, 0.9290909171104431, 0.9300000071525574, 0.9272727370262146, 0.9290909171104431, 0.9227272868156433, 0.9300000071525574, 0.9309090971946716, 0.9309090971946716, 0.9336363673210144, 0.9309090971946716, 0.9318181872367859, 0.9254545569419861, 0.921818196773529, 0.9209091067314148, 0.9236363768577576, 0.9200000166893005, 0.9281818270683289, 0.9309090971946716, 0.9336363673210144, 0.9309090971946716, 0.9309090971946716, 0.9372727274894714, 0.9327272772789001, 0.9245454668998718, 0.9227272868156433, 0.918181836605072, 0.9300000071525574, 0.9245454668998718, 0.9300000071525574, 0.9318181872367859, 0.9272727370262146, 0.918181836605072, 0.9345454573631287, 0.9200000166893005, 0.9281818270683289, 0.9318181872367859, 0.9363636374473572, 0.9354545474052429, 0.9300000071525574, 0.9372727274894714, 0.9290909171104431, 0.9409090876579285, 0.9327272772789001, 0.9245454668998718, 0.9290909171104431, 0.9318181872367859, 0.9290909171104431, 0.9318181872367859, 0.9345454573631287, 0.9327272772789001, 0.9327272772789001, 0.9390909075737, 0.9318181872367859, 0.9309090971946716, 0.9200000166893005, 0.9436363577842712, 0.9390909075737],