{"categorical_accuracy": [0.12999999523162842, 0.1616666615009308, 0.20333333313465118, 0.20416666567325592, 0.22333332896232605, 0.2916666567325592, 0.31583333015441895, 0.35499998927116394, 0.414166659116745, 0.4300000071525574, 0.4441666603088379, 0.4925000071525574, 0.49000000953674316, 0.559166669845581, 0.5600000023841858, 0.5699999928474426, 0.6258333325386047, 0.6258333325386047, 0.6299999952316284, 0.6366666555404663, 0.6516666412353516, 0.7058333158493042, 0.6800000071525574, 0.6941666603088379, 0.7225000262260437, 0.7491666674613953, 0.7524999976158142, 0.7633333206176758, 0.7574999928474426, 0.7866666913032532, 0.7691666483879089, 0.7908333539962769, 0.8174999952316284, 0.815833330154419, 0.8191666603088379, 0.8266666531562805, 0.8116666674613953, 0.8416666388511658, 0.8133333325386047, 0.8441666960716248, 0.8450000286102295, 0.8458333611488342, 0.8708333373069763, 0.8583333492279053, 0.862500011920929, 0.8833333253860474, 0.8658333420753479, 0.8725000023841858, 0.8550000190734863, 0.89083331823349, 0.8883333206176758, 0.9075000286102295, 0.8941666483879089, 0.9041666388511658, 0.9008333086967468, 0.8883333206176758, 0.9133333563804626, 0.9141666889190674, 0.9208333492279053, 0.9141666889190674, 0.9191666841506958, 0.9049999713897705, 0.9258333444595337, 0.9183333516120911, 0.9424999952316284, 0.9416666626930237, 0.934166669845581, 0.9258333444595337, 0.9333333373069763, 0.9541666507720947, 0.9366666674613953, 0.9391666650772095, 0.9424999952316284, 0.9558333158493042, 0.9483333230018616, 0.9350000023841858, 0.9483333230018616, 0.9583333134651184, 0.9583333134651184, 0.9549999833106995, 0.9608333110809326, 0.9558333158493042, 0.9566666483879089, 0.9683333039283752, 0.9649999737739563, 0.9691666960716248, 0.9633333086967468, 0.9750000238418579, 0.9725000262260437, 0.9491666555404663, 0.9641666412353516, 0.9599999785423279, 0.9616666436195374, 0.9708333611488342, 0.9691666960716248, 0.9766666889190674, 0.9691666960716248, 0.9775000214576721, 0.9633333086967468, 0.9674999713897705], "loss": [2.9046249389648438, 2.6541905403137207, 2.498638391494751, 2.4400744438171387, 2.315178394317627, 2.148672580718994, 2.073228359222412, 1.969730019569397, 1.8268510103225708, 1.7694448232650757, 1.7098205089569092, 1.56706964969635, 1.5550235509872437, 1.3935259580612183, 1.3577990531921387, 1.3427233695983887, 1.2289177179336548, 1.1739766597747803, 1.193329930305481, 1.1677638292312622, 1.130514144897461, 0.9394946098327637, 1.02388596534729, 0.9869681000709534, 0.9090341925621033, 0.835623562335968, 0.8195002675056458, 0.7948991656303406, 0.7833605408668518, 0.72979336977005, 0.7540002465248108, 0.7163771390914917, 0.6346615552902222, 0.6208168268203735, 0.6266642212867737, 0.616174578666687, 0.6188426613807678, 0.583717942237854, 0.5760527849197388, 0.5663845539093018, 0.5635971426963806, 0.4907692074775696, 0.4537718594074249, 0.4666198194026947, 0.47360366582870483, 0.410464346408844, 0.4379095435142517, 0.46759724617004395, 0.49198415875434875, 0.3955850303173065, 0.3844846487045288, 0.3340189754962921, 0.3487284183502197, 0.36337676644325256, 0.344267338514328, 0.3656568229198456, 0.29964491724967957, 0.3023030757904053, 0.2784736752510071, 0.31762707233428955, 0.2899690866470337, 0.30775904655456543, 0.2648119032382965, 0.26652419567108154, 0.22941617667675018, 0.2352410852909088, 0.25399163365364075, 0.28919896483421326, 0.2271742820739746, 0.194569930434227, 0.23133274912834167, 0.20677171647548676, 0.19511327147483826, 0.18826442956924438, 0.19097359478473663, 0.19524440169334412, 0.20490330457687378, 0.16948507726192474, 0.1619032919406891, 0.17650307714939117, 0.1698743849992752, 0.1766224354505539, 0.15929056704044342, 0.14446872472763062, 0.13583795726299286, 0.12525209784507751, 0.1363367736339569, 0.11683046817779541, 0.12649159133434296, 0.1695704162120819, 0.16583195328712463, 0.14209870994091034, 0.16289564967155457, 0.12402187287807465, 0.12517715990543365, 0.10317150503396988, 0.13104715943336487, 0.09693657606840134, 0.15107207000255585, 0.11970419436693192], "precision_11": [0.1489361673593521, 0.19387754797935486, 0.26153847575187683, 0.2785388231277466, 0.3191489279270172, 0.3619047701358795, 0.4569288492202759, 0.4829931855201721, 0.5735294222831726, 0.5876010656356812, 0.6276041865348816, 0.6962025165557861, 0.6905829310417175, 0.7327935099601746, 0.7389705777168274, 0.72826087474823, 0.8026756048202515, 0.7851500511169434, 0.7827426791191101, 0.7883435487747192, 0.7833089232444763, 0.8482024073600769, 0.8219373226165771, 0.8153446316719055, 0.8257211446762085, 0.8598574995994568, 0.8556212782859802, 0.8686390519142151, 0.8594285845756531, 0.8735135197639465, 0.8692737221717834, 0.893989086151123, 0.8910788297653198, 0.8885449171066284, 0.8945191502571106, 0.8931841254234314, 0.8837209343910217, 0.9076305031776428, 0.903292179107666, 0.9102822542190552, 0.9020771384239197, 0.9019417762756348, 0.9240384697914124, 0.9190523028373718, 0.924124538898468, 0.9311969876289368, 0.9250720739364624, 0.9136150479316711, 0.9063097238540649, 0.9332079291343689, 0.9346405267715454, 0.9396157264709473, 0.9345622062683105, 0.9399999976158142, 0.9304426312446594, 0.9300827980041504, 0.9418084025382996, 0.9447463750839233, 0.958707332611084, 0.9405940771102905, 0.9511111378669739, 0.9410697817802429, 0.9481090307235718, 0.9506726264953613, 0.9650349617004395, 0.9594356417655945, 0.9582963585853577, 0.9511978626251221, 0.9559859037399292, 0.963699221611023, 0.9587719440460205, 0.970950722694397, 0.960869550704956, 0.9699570536613464, 0.9643787741661072, 0.9581881761550903, 0.9578675627708435, 0.976603090763092, 0.9716981053352356, 0.9704604744911194, 0.9766233563423157, 0.9746059775352478, 0.9749784469604492, 0.9804421663284302, 0.9793103337287903, 0.9820359349250793, 0.9708904027938843, 0.9828913807868958, 0.9819742441177368, 0.9638554453849792, 0.9699570536613464, 0.9709153175354004, 0.9718909859657288, 0.9803754091262817, 0.9777777791023254, 0.9855564832687378, 0.9820051193237305, 0.9872557520866394, 0.975149929523468, 0.9770212769508362],