{"categorical_accuracy": [0.21909090876579285, 0.38818180561065674, 0.49636363983154297, 0.6036363840103149, 0.6936363577842712, 0.7363636493682861, 0.7727272510528564, 0.8045454621315002, 0.8581818342208862, 0.8790909051895142, 0.8981817960739136, 0.9172727465629578, 0.9345454573631287, 0.9445454478263855, 0.9409090876579285, 0.9554545283317566, 0.9554545283317566, 0.9709091186523438, 0.9727272987365723, 0.9781818389892578, 0.971818208694458, 0.9772727489471436, 0.9818181991577148, 0.9781818389892578, 0.9836363792419434, 0.9918181896209717, 0.9900000095367432, 0.9845454692840576, 0.9909090995788574, 0.9954545497894287, 0.9918181896209717, 0.9900000095367432, 0.9900000095367432, 0.9954545497894287, 0.9909090995788574, 0.9945454597473145, 0.9954545497894287, 0.9954545497894287, 0.9981818199157715, 0.9900000095367432, 0.996363639831543, 0.9936363697052002, 0.9972727298736572, 0.9945454597473145, 0.9972727298736572, 0.9981818199157715, 0.9990909099578857, 0.996363639831543, 0.996363639831543, 0.9990909099578857, 0.9981818199157715, 1.0, 0.9954545497894287, 0.9981818199157715, 0.9981818199157715, 1.0, 1.0, 0.9990909099578857, 0.9990909099578857, 1.0, 0.9981818199157715, 0.9981818199157715, 0.9990909099578857, 1.0, 0.9981818199157715, 1.0, 1.0, 0.9990909099578857, 0.9990909099578857, 0.9990909099578857, 0.9990909099578857, 0.9981818199157715, 0.9981818199157715, 0.9972727298736572, 0.9981818199157715, 0.9990909099578857, 1.0, 0.9981818199157715, 0.9954545497894287, 0.9990909099578857, 1.0, 0.9990909099578857, 0.9990909099578857, 0.9972727298736572, 0.9981818199157715, 0.9990909099578857, 1.0, 0.9981818199157715, 0.9972727298736572, 0.9990909099578857, 0.9972727298736572, 0.9972727298736572, 1.0, 0.9981818199157715, 1.0, 0.9990909099578857, 0.996363639831543, 1.0, 0.9990909099578857, 0.9990909099578857], "loss": [2.5851340293884277, 1.8376970291137695, 1.447708249092102, 1.1323703527450562, 0.9401184320449829, 0.7987096905708313, 0.7177200317382812, 0.6269423365592957, 0.5166877508163452, 0.48791471123695374, 0.38793307542800903, 0.35479429364204407, 0.32049083709716797, 0.27999141812324524, 0.28060203790664673, 0.22853519022464752, 0.22173388302326202, 0.17864197492599487, 0.17488549649715424, 0.15724192559719086, 0.15863017737865448, 0.1356566995382309, 0.13001370429992676, 0.12481610476970673, 0.12007234245538712, 0.10064058750867844, 0.1020125076174736, 0.09724337607622147, 0.09575796872377396, 0.07845967262983322, 0.0776771679520607, 0.07499712705612183, 0.07048682123422623, 0.07109376043081284, 0.07323256134986877, 0.061988670378923416, 0.0674239918589592, 0.05269385501742363, 0.05179433524608612, 0.05431563779711723, 0.04799080267548561, 0.04604121670126915, 0.04009736701846123, 0.048376500606536865, 0.040172286331653595, 0.037679169327020645, 0.02936229668557644, 0.033873461186885834, 0.035860124975442886, 0.02957111969590187, 0.03027268499135971, 0.026257485151290894, 0.03246985748410225, 0.030576292425394058, 0.024280205368995667, 0.025265775620937347, 0.020676450803875923, 0.027530735358595848, 0.026550108566880226, 0.020081277936697006, 0.026256248354911804, 0.02775753289461136, 0.026817429810762405, 0.020165197551250458, 0.02360427752137184, 0.020753266289830208, 0.01923994906246662, 0.017046131193637848, 0.01659621298313141, 0.01688256487250328, 0.016460221260786057, 0.017389347776770592, 0.017338475212454796, 0.02159602753818035, 0.018900109454989433, 0.019907962530851364, 0.01412887591868639, 0.019525520503520966, 0.034237608313560486, 0.02028242126107216, 0.019009679555892944, 0.015747761353850365, 0.017772983759641647, 0.016888795420527458, 0.019047046080231667, 0.014594844542443752, 0.011516643688082695, 0.013681230135262012, 0.013073119334876537, 0.012607935816049576, 0.013863013125956059, 0.012266936711966991, 0.013272661715745926, 0.014877085573971272, 0.012021750211715698, 0.009810269810259342, 0.011960613541305065, 0.007656901143491268, 0.008783100172877312, 0.008795843459665775], "precision_7": [0.3190183937549591, 0.5600961446762085, 0.6991525292396545, 0.7858347296714783, 0.8458015322685242, 0.8724831938743591, 0.8999999761581421, 0.9197080135345459, 0.9329608678817749, 0.9499443769454956, 0.9535374641418457, 0.9611344337463379, 0.9703779220581055, 0.9740518927574158, 0.9760000109672546, 0.976516604423523, 0.9748792052268982, 0.9886685609817505, 0.9866666793823242, 0.9915809035301208, 0.9876777529716492, 0.9934272170066833, 0.9878844618797302, 0.9878957271575928, 0.9916123151779175, 0.9944495558738708, 0.9953488111495972, 0.9880624413490295, 0.9917203187942505, 0.9981651306152344, 0.9972426295280457, 0.9954128265380859, 0.9954044222831726, 0.9972401261329651, 0.994500458240509, 0.9972502589225769, 0.9963235259056091, 0.9972602725028992, 0.9990867376327515, 0.9936072826385498, 0.9981752038002014, 0.9972577691078186, 0.9981784820556641, 0.9954420924186707, 0.999089241027832, 1.0, 0.9990900754928589, 0.9972677826881409, 0.9963470101356506, 1.0, 0.9981801509857178, 1.0, 0.9981701970100403, 0.9990875720977783, 0.9981818199157715, 1.0, 1.0, 0.9990884065628052, 1.0, 1.0, 0.999089241027832, 0.9990875720977783, 1.0, 1.0, 0.9981801509857178, 1.0, 1.0, 1.0, 0.9990909099578857, 0.9990909099578857, 0.9990900754928589, 0.9981784820556641, 0.9981801509857178, 0.9981784820556641, 0.999089241027832, 0.9990900754928589, 1.0, 0.999089241027832, 0.9963436722755432, 0.9990900754928589, 1.0, 1.0, 0.9990900754928589, 0.9981801509857178, 0.9990900754928589, 0.9990900754928589, 1.0, 0.9981801509857178, 0.999089241027832, 0.9990909099578857, 0.9981801509857178, 0.9972727298736572, 1.0, 0.9981801509857178, 1.0, 0.9990909099578857, 0.9981784820556641, 1.0, 0.9990909099578857, 1.0], "recall_7": [0.09454545378684998, 0.21181818842887878, 0.30000001192092896, 0.42363637685775757, 0.503636360168457, 0.5909090638160706, 0.6299999952316284, 0.6872727274894714, 0.7590909004211426, 0.7763636112213135, 0.8209090828895569, 0.831818163394928, 0.8636363744735718, 0.8872727155685425, 0.8872727155685425, 0.9072727560997009, 0.9172727465629578, 0.9518181681632996, 0.9418181777000427, 0.9636363387107849, 0.9472727179527283, 0.9618181586265564, 0.9636363387107849, 0.9645454287528992, 0.9672726988792419, 0.9772727489471436, 0.9727272987365723, 0.9781818389892578, 0.9800000190734863, 0.9890909194946289, 0.9863636493682861, 0.9863636493682861, 0.9845454692840576, 0.9854545593261719, 0.9863636493682861, 0.9890909194946289, 0.9854545593261719, 0.9927272796630859, 0.9945454597473145, 0.9890909194946289, 0.9945454597473145, 0.9918181896209717, 0.996363639831543, 0.9927272796630859, 0.9972727298736572, 0.9972727298736572, 0.9981818199157715, 0.9954545497894287, 0.9918181896209717, 0.9972727298736572, 0.9972727298736572, 0.9990909099578857, 0.9918181896209717, 0.9954545497894287, 0.9981818199157715, 0.9981818199157715, 1.0, 0.996363639831543, 0.9981818199157715, 1.0, 0.9972727298736572, 0.9954545497894287, 0.996363639831543, 1.0, 0.9972727298736572, 0.9981818199157715, 0.9990909099578857, 0.9990909099578857, 0.9990909099578857, 0.9990909099578857, 0.9981818199157715, 0.996363639831543, 0.9972727298736572, 0.996363639831543, 0.9972727298736572, 0.9981818199157715, 1.0, 0.9972727298736572, 0.9909090995788574, 0.9981818199157715, 1.0, 0.9981818199157715, 0.9981818199157715, 0.9972727298736572, 0.9981818199157715, 0.9981818199157715, 1.0, 0.9972727298736572, 0.9972727298736572, 0.9990909099578857, 0.9972727298736572, 0.9972727298736572, 1.0, 0.9972727298736572, 0.9990909099578857, 0.9990909099578857, 0.996363639831543, 1.0, 0.9990909099578857, 0.9990909099578857],