{"categorical_accuracy": [0.10363636165857315, 0.19090908765792847, 0.23999999463558197, 0.29636362195014954, 0.3700000047683716, 0.39454546570777893, 0.4381818175315857, 0.4763636291027069, 0.5409091114997864, 0.5699999928474426, 0.5918181538581848, 0.6290909051895142, 0.6345454454421997, 0.6890909075737, 0.7245454788208008, 0.7172726988792419, 0.7154545187950134, 0.7518181800842285, 0.7663636207580566, 0.8009091019630432, 0.7963636517524719, 0.8327272534370422, 0.8154545426368713, 0.8372727036476135, 0.8481818437576294, 0.8518182039260864, 0.8718181848526001, 0.8809090852737427, 0.8772727251052856, 0.8963636159896851, 0.9063636660575867, 0.9118182063102722, 0.9245454668998718, 0.9345454573631287, 0.910909116268158, 0.9309090971946716, 0.9227272868156433, 0.9272727370262146, 0.9390909075737, 0.9390909075737, 0.9345454573631287, 0.9454545378684998, 0.9554545283317566, 0.9572727084159851, 0.9599999785423279, 0.9545454382896423, 0.9636363387107849, 0.9536363482475281, 0.9690909385681152, 0.9627272486686707, 0.9599999785423279, 0.9690909385681152, 0.9690909385681152, 0.971818208694458, 0.9790909290313721, 0.9672726988792419, 0.9763636589050293, 0.9827272891998291, 0.9809091091156006, 0.9790909290313721, 0.9809091091156006, 0.9836363792419434, 0.9827272891998291, 0.975454568862915, 0.9763636589050293, 0.9781818389892578, 0.9800000190734863, 0.9890909194946289, 0.9790909290313721, 0.9818181991577148, 0.9863636493682861, 0.9854545593261719, 0.9863636493682861, 0.9972727298736572, 0.9881818294525146, 0.9945454597473145, 0.9909090995788574, 0.9927272796630859, 0.9890909194946289, 0.9918181896209717, 0.9863636493682861, 0.9936363697052002, 0.9927272796630859, 0.9909090995788574, 0.9918181896209717, 0.9872727394104004, 0.9872727394104004, 0.9945454597473145, 0.9945454597473145, 0.9954545497894287, 0.9945454597473145, 0.9927272796630859, 0.9954545497894287, 0.9918181896209717, 0.9927272796630859, 0.9954545497894287, 0.9945454597473145, 0.9981818199157715, 0.9890909194946289, 0.9881818294525146], "loss": [3.0673468112945557, 2.5621774196624756, 2.2776072025299072, 2.0492780208587646, 1.869438648223877, 1.77077054977417, 1.6359548568725586, 1.4928078651428223, 1.3557695150375366, 1.252609133720398, 1.1915205717086792, 1.0957270860671997, 1.056585431098938, 0.9485652446746826, 0.8968125581741333, 0.8635475039482117, 0.8402327299118042, 0.7330353856086731, 0.7288275361061096, 0.6774728298187256, 0.6436710357666016, 0.5690252780914307, 0.5968700051307678, 0.5417678952217102, 0.5196360349655151, 0.47447675466537476, 0.4482387602329254, 0.416342556476593, 0.42450764775276184, 0.3850629925727844, 0.36411556601524353, 0.3350963890552521, 0.30848178267478943, 0.31305021047592163, 0.3250669836997986, 0.28181108832359314, 0.2856776714324951, 0.2752704322338104, 0.2579331696033478, 0.24194316565990448, 0.24340781569480896, 0.22261942923069, 0.1957128643989563, 0.20721274614334106, 0.18657031655311584, 0.17814162373542786, 0.17783553898334503, 0.18724215030670166, 0.1595831960439682, 0.15460146963596344, 0.15069232881069183, 0.14587782323360443, 0.14631487429141998, 0.13299688696861267, 0.12594729661941528, 0.1315753012895584, 0.1240224540233612, 0.10783714056015015, 0.11132384091615677, 0.10903657227754593, 0.1041744202375412, 0.09405934065580368, 0.09762798994779587, 0.10555733740329742, 0.10395205765962601, 0.10324688255786896, 0.09206976741552353, 0.08671849966049194, 0.0937337726354599, 0.08636173605918884, 0.07427461445331573, 0.08320793509483337, 0.07713610678911209, 0.0572483092546463, 0.06073763594031334, 0.05162631720304489, 0.05958933010697365, 0.05925224348902702, 0.06430183351039886, 0.05464990809559822, 0.06351948529481888, 0.049474086612463, 0.054568372666835785, 0.05693414434790611, 0.05194375291466713, 0.05705014243721962, 0.04744131490588188, 0.045933518558740616, 0.043013498187065125, 0.04442983120679855, 0.04290493205189705, 0.0432022362947464, 0.036971043795347214, 0.04432858154177666, 0.04308471828699112, 0.03975139185786247, 0.04020288214087486, 0.033570315688848495, 0.04569394886493683, 0.047486282885074615], "val_categorical_accuracy": [0.09454545378684998, 0.09454545378684998, 0.09454545378684998, 0.09454545378684998, 0.09454545378684998, 0.09454545378684998, 0.09454545378684998, 0.09545454382896423, 0.10000000149011612, 0.10999999940395355, 0.15272727608680725, 0.21545454859733582, 0.32363635301589966, 0.4654545485973358, 0.5709090828895569, 0.6527272462844849, 0.7118181586265564, 0.7563636302947998, 0.7681818008422852, 0.7881818413734436, 0.7900000214576721, 0.8027272820472717, 0.803636372089386, 0.8309090733528137, 0.8381817936897278, 0.835454523563385, 0.8427272439002991, 0.8436363339424133, 0.839090883731842, 0.8527272939682007, 0.8536363840103149, 0.8563636541366577, 0.8590909242630005, 0.8654545545578003, 0.8563636541366577, 0.8654545545578003, 0.8618181943893433, 0.8590909242630005, 0.8700000047683716, 0.8663636445999146, 0.8754545450210571, 0.8809090852737427, 0.885454535484314, 0.8863636255264282, 0.885454535484314, 0.8872727155685425, 0.8863636255264282, 0.8845454454421997, 0.8918181657791138, 0.889090895652771, 0.8909090757369995, 0.8918181657791138, 0.8945454359054565, 0.892727255821228, 0.892727255821228, 0.8945454359054565, 0.8981817960739136, 0.8954545259475708, 0.9009090662002563, 0.892727255821228, 0.8999999761581421, 0.8990908861160278, 0.9009090662002563, 0.8972727060317993, 0.8909090757369995, 0.8981817960739136, 0.8999999761581421, 0.9027272462844849, 0.9018181562423706, 0.9072727560997009, 0.9045454263687134, 0.9018181562423706, 0.8990908861160278, 0.8999999761581421, 0.9009090662002563, 0.9009090662002563, 0.9009090662002563, 0.8963636159896851, 0.8999999761581421, 0.8999999761581421, 0.8972727060317993, 0.9027272462844849, 0.9036363363265991, 0.8999999761581421, 0.9018181562423706, 0.9045454263687134, 0.9027272462844849, 0.8999999761581421, 0.8981817960739136, 0.8999999761581421, 0.8945454359054565, 0.9009090662002563, 0.9054545164108276, 0.9054545164108276, 0.9009090662002563, 0.9036363363265991, 0.9027272462844849, 0.9009090662002563, 0.9045454263687134, 0.9027272462844849],