{"categorical_accuracy": [0.7039166688919067, 0.9326833486557007, 0.9584500193595886, 0.9674833416938782, 0.9743666648864746, 0.9772999882698059, 0.9798833131790161, 0.9819333553314209, 0.9828833341598511, 0.9842166900634766, 0.9863166809082031, 0.9868166446685791, 0.987416684627533, 0.9884833097457886, 0.9889166951179504, 0.989133358001709, 0.9903500080108643, 0.9908666610717773, 0.9911666512489319, 0.9922333359718323, 0.9910666942596436, 0.9924666881561279, 0.9926000237464905, 0.9929666519165039, 0.9937666654586792, 0.9934166669845581, 0.9937166571617126, 0.9938666820526123, 0.9938499927520752, 0.9938333630561829], "loss": [0.9303007125854492, 0.2340216189622879, 0.1448122262954712, 0.1111149713397026, 0.08853628486394882, 0.07782327383756638, 0.06699769198894501, 0.06064716726541519, 0.056288786232471466, 0.051824115216732025, 0.04668250307440758, 0.04432712122797966, 0.041555602103471756, 0.0380525179207325, 0.03634919598698616, 0.03507695347070694, 0.03103053756058216, 0.030190549790859222, 0.030069084838032722, 0.026552818715572357, 0.02835044637322426, 0.02526022493839264, 0.024247491732239723, 0.023331139236688614, 0.020685730502009392, 0.021700017154216766, 0.02156880497932434, 0.019420629367232323, 0.02011202462017536, 0.018522679805755615], "val_categorical_accuracy": [0.9441999793052673, 0.9717000126838684, 0.9797000288963318, 0.9822999835014343, 0.9836000204086304, 0.98580002784729, 0.9861000180244446, 0.9886000156402588, 0.9882000088691711, 0.9883000254631042, 0.9886000156402588, 0.9891999959945679, 0.9890000224113464, 0.9897000193595886, 0.9890000224113464, 0.9891999959945679, 0.989300012588501, 0.9898999929428101, 0.9894999861717224, 0.9891999959945679, 0.9902999997138977, 0.9909999966621399, 0.9914000034332275, 0.9904999732971191, 0.9898999929428101, 0.9901999831199646, 0.9911999702453613, 0.9902999997138977, 0.9908000230789185, 0.9904999732971191], "val_loss": [0.18673329055309296, 0.09383261948823929, 0.06561512500047684, 0.05279580503702164, 0.05100250989198685, 0.04348340630531311, 0.04475416615605354, 0.03722725808620453, 0.0354471355676651, 0.03555392846465111, 0.03528758883476257, 0.032843977212905884, 0.034249447286129, 0.03567392751574516, 0.035419609397649765, 0.035519249737262726, 0.033300306648015976, 0.03383045271039009, 0.031448204070329666, 0.03556878864765167, 0.03355100750923157, 0.03167503699660301, 0.033196188509464264, 0.03389227017760277, 0.0345560684800148, 0.03428203612565994, 0.03304293751716614, 0.037059493362903595, 0.035704173147678375, 0.03427906334400177]}