{"categorical_accuracy": [0.1041666641831398, 0.17083333432674408, 0.21416667103767395, 0.2608333230018616, 0.3083333373069763, 0.3633333444595337, 0.3933333456516266, 0.4424999952316284, 0.45249998569488525, 0.503333330154419, 0.5400000214576721, 0.5533333420753479, 0.5833333134651184, 0.5874999761581421, 0.6324999928474426, 0.6474999785423279, 0.6733333468437195, 0.7058333158493042, 0.6924999952316284, 0.7300000190734863, 0.7300000190734863, 0.7241666913032532, 0.75, 0.7541666626930237, 0.7883333563804626, 0.79666668176651, 0.7724999785423279, 0.8025000095367432, 0.8191666603088379, 0.8033333420753479, 0.8174999952316284, 0.8233333230018616, 0.8166666626930237, 0.8341666460037231, 0.846666693687439, 0.8475000262260437, 0.8525000214576721, 0.878333330154419, 0.8641666769981384, 0.8858333230018616, 0.8675000071525574, 0.8791666626930237, 0.887499988079071, 0.8883333206176758, 0.8991666436195374, 0.8816666603088379, 0.8958333134651184, 0.8891666531562805, 0.8899999856948853, 0.8974999785423279, 0.9066666960716248, 0.8991666436195374, 0.9041666388511658, 0.9133333563804626, 0.9108333587646484, 0.9200000166893005, 0.9191666841506958, 0.92166668176651, 0.9133333563804626, 0.9266666769981384, 0.92166668176651, 0.9300000071525574, 0.9183333516120911, 0.9308333396911621, 0.9258333444595337, 0.934166669845581, 0.9283333420753479, 0.9383333325386047, 0.9258333444595337, 0.934166669845581, 0.9316666722297668, 0.9391666650772095, 0.9375, 0.9391666650772095, 0.940833330154419, 0.9424999952316284, 0.9458333253860474, 0.9333333373069763, 0.9391666650772095, 0.9416666626930237, 0.9416666626930237, 0.940833330154419, 0.9458333253860474, 0.9458333253860474, 0.9416666626930237, 0.9458333253860474, 0.9458333253860474, 0.9449999928474426, 0.9458333253860474, 0.9474999904632568, 0.9516666531562805, 0.95333331823349, 0.9458333253860474, 0.9458333253860474, 0.9433333277702332, 0.9458333253860474, 0.9508333206176758, 0.9491666555404663, 0.949999988079071, 0.9491666555404663], "loss": [3.1179826259613037, 2.636134386062622, 2.422426700592041, 2.211543083190918, 2.078291416168213, 1.9328491687774658, 1.7910813093185425, 1.6870360374450684, 1.5585906505584717, 1.4988815784454346, 1.3873703479766846, 1.3367236852645874, 1.2776648998260498, 1.2209572792053223, 1.1416964530944824, 1.0944219827651978, 1.0287648439407349, 0.9457128643989563, 0.9581500291824341, 0.8864927887916565, 0.8504514694213867, 0.8469721078872681, 0.8077482581138611, 0.7876197695732117, 0.7118495106697083, 0.6974453926086426, 0.7491571307182312, 0.6561476588249207, 0.6091136336326599, 0.6227669715881348, 0.5808303952217102, 0.5860775709152222, 0.5755038261413574, 0.5418780446052551, 0.5254810452461243, 0.516316294670105, 0.5065988898277283, 0.4604090452194214, 0.47824952006340027, 0.438724160194397, 0.44772258400917053, 0.4309414029121399, 0.4067640006542206, 0.3832974135875702, 0.3918971121311188, 0.3885977268218994, 0.36825433373451233, 0.38656434416770935, 0.36580049991607666, 0.35853707790374756, 0.3409107029438019, 0.35714590549468994, 0.3285421133041382, 0.31850606203079224, 0.31376153230667114, 0.30728697776794434, 0.2951678931713104, 0.28873780369758606, 0.29310113191604614, 0.2806178629398346, 0.2865242660045624, 0.27266043424606323, 0.2743455469608307, 0.27546319365501404, 0.27222734689712524, 0.260757178068161, 0.2646715044975281, 0.23918917775154114, 0.2605177164077759, 0.23485492169857025, 0.24996785819530487, 0.24614372849464417, 0.2347325086593628, 0.2332286834716797, 0.226798877120018, 0.21028731763362885, 0.21534492075443268, 0.23135314881801605, 0.23310106992721558, 0.21468262374401093, 0.21605262160301208, 0.21729624271392822, 0.19550074636936188, 0.2044292390346527, 0.1950508952140808, 0.194769024848938, 0.19458168745040894, 0.19708490371704102, 0.19173942506313324, 0.19764621555805206, 0.17815090715885162, 0.18502265214920044, 0.1917731910943985, 0.18085476756095886, 0.19328823685646057, 0.17567509412765503, 0.18088571727275848, 0.18596474826335907, 0.17188124358654022, 0.17984196543693542], "val_categorical_accuracy": [0.10545454174280167, 0.09545454382896423, 0.09454545378684998, 0.09454545378684998, 0.09454545378684998, 0.09454545378684998, 0.09545454382896423, 0.10454545170068741, 0.12545454502105713, 0.18000000715255737, 0.25363636016845703, 0.34272727370262146, 0.4445454478263855, 0.5545454621315002, 0.6136363744735718, 0.6572727560997009, 0.6936363577842712, 0.7227272987365723, 0.7327272891998291, 0.7509090900421143, 0.7672727108001709, 0.7690908908843994, 0.7836363911628723, 0.7863636612892151, 0.8054545521736145, 0.8063636422157288, 0.807272732257843, 0.807272732257843, 0.8227272629737854, 0.8290908932685852, 0.8309090733528137, 0.8363636136054993, 0.8399999737739563, 0.8454545736312866, 0.835454523563385, 0.8418181538581848, 0.8418181538581848, 0.8472727537155151, 0.8509091138839722, 0.8518182039260864, 0.8518182039260864, 0.8563636541366577, 0.8600000143051147, 0.8581818342208862, 0.8527272939682007, 0.857272744178772, 0.8545454740524292, 0.8581818342208862, 0.8563636541366577, 0.8618181943893433, 0.8636363744735718, 0.8490909337997437, 0.8581818342208862, 0.860909104347229, 0.8636363744735718, 0.8636363744735718, 0.8672727346420288, 0.8636363744735718, 0.8672727346420288, 0.864545464515686, 0.8636363744735718, 0.8600000143051147, 0.864545464515686, 0.8709090948104858, 0.8709090948104858, 0.8718181848526001, 0.8672727346420288, 0.8718181848526001, 0.8718181848526001, 0.8736363649368286, 0.8790909051895142, 0.8772727251052856, 0.8754545450210571, 0.8709090948104858, 0.8763636350631714, 0.8781818151473999, 0.8781818151473999, 0.8809090852737427, 0.8799999952316284, 0.8818181753158569, 0.8700000047683716, 0.8727272748947144, 0.8754545450210571, 0.8772727251052856, 0.8772727251052856, 0.8790909051895142, 0.8745454549789429, 0.8745454549789429, 0.8781818151473999, 0.8745454549789429, 0.8809090852737427, 0.8736363649368286, 0.8763636350631714, 0.8818181753158569, 0.885454535484314, 0.885454535484314, 0.8863636255264282, 0.8827272653579712, 0.8790909051895142, 0.8845454454421997],