{"categorical_accuracy": [0.21636363863945007, 0.4636363685131073, 0.5845454335212708, 0.6736363768577576, 0.7790908813476562, 0.7890909314155579, 0.8190909028053284, 0.8618181943893433, 0.8790909051895142, 0.9027272462844849, 0.9200000166893005, 0.9190909266471863, 0.9372727274894714, 0.9454545378684998, 0.9518181681632996, 0.9599999785423279, 0.9727272987365723, 0.9618181586265564, 0.9709091186523438, 0.9772727489471436, 0.9854545593261719, 0.9836363792419434, 0.9872727394104004, 0.9890909194946289, 0.9781818389892578, 0.9845454692840576, 0.9863636493682861, 0.9854545593261719, 0.9909090995788574, 0.9936363697052002, 0.9945454597473145, 0.9881818294525146, 0.996363639831543, 0.9927272796630859, 0.9981818199157715, 0.9900000095367432, 0.9936363697052002, 0.9918181896209717, 0.9927272796630859, 0.9972727298736572, 0.9927272796630859, 0.996363639831543, 0.9990909099578857, 0.9990909099578857, 0.9981818199157715, 0.9936363697052002, 0.9972727298736572, 0.996363639831543, 0.9990909099578857, 0.9990909099578857, 0.9990909099578857, 0.9981818199157715, 0.9972727298736572, 0.9954545497894287, 0.9990909099578857, 0.9981818199157715, 0.9981818199157715, 0.9972727298736572, 0.9981818199157715, 1.0, 0.9990909099578857, 0.9990909099578857, 0.9990909099578857, 0.9990909099578857, 0.9972727298736572, 0.996363639831543, 0.9981818199157715, 0.9981818199157715, 1.0, 1.0, 0.9990909099578857, 0.9990909099578857, 1.0, 0.9990909099578857, 1.0, 0.9990909099578857, 1.0, 0.9990909099578857, 1.0, 0.9981818199157715, 1.0, 1.0, 1.0, 0.9990909099578857, 1.0, 0.9990909099578857, 0.9990909099578857, 0.9981818199157715, 0.9981818199157715, 0.9981818199157715, 0.9972727298736572, 1.0, 0.9981818199157715, 0.996363639831543, 0.9981818199157715, 0.9972727298736572, 0.9972727298736572, 1.0, 1.0, 1.0], "loss": [2.5503318309783936, 1.6200921535491943, 1.2696917057037354, 1.0285462141036987, 0.7969573140144348, 0.7210873961448669, 0.6056646108627319, 0.534376859664917, 0.444810688495636, 0.40786120295524597, 0.3400520086288452, 0.3258325755596161, 0.2862101197242737, 0.24710898101329803, 0.2391665130853653, 0.19750143587589264, 0.1852325201034546, 0.18496693670749664, 0.17019151151180267, 0.14266882836818695, 0.1265929788351059, 0.11605638265609741, 0.11026202142238617, 0.10272010415792465, 0.11514242738485336, 0.09958664327859879, 0.08839043974876404, 0.09212017804384232, 0.08403448015451431, 0.07640866190195084, 0.06399846822023392, 0.07035514712333679, 0.06251304596662521, 0.0629875585436821, 0.04896734282374382, 0.0549200139939785, 0.0545266829431057, 0.059095222502946854, 0.05894867703318596, 0.045240774750709534, 0.050050634890794754, 0.046009812504053116, 0.034739237278699875, 0.03585829958319664, 0.03762725740671158, 0.041518934071063995, 0.0404076911509037, 0.03492724150419235, 0.0358031801879406, 0.025332119315862656, 0.02844264917075634, 0.025986671447753906, 0.02614680863916874, 0.02993144281208515, 0.028882190585136414, 0.024884333834052086, 0.025906486436724663, 0.028112201020121574, 0.02003457397222519, 0.020389920100569725, 0.01854434795677662, 0.017211217433214188, 0.0193924643099308, 0.016653044149279594, 0.021079745143651962, 0.027042841538786888, 0.024075523018836975, 0.021847005933523178, 0.01453259214758873, 0.0180079136043787, 0.016646312549710274, 0.017916487529873848, 0.011420704424381256, 0.014464822597801685, 0.013388819992542267, 0.011954822577536106, 0.010987965390086174, 0.011121545918285847, 0.010708367452025414, 0.01444621104747057, 0.011672968044877052, 0.01096554845571518, 0.011484052985906601, 0.012347808107733727, 0.01034627202898264, 0.012002437375485897, 0.012944351881742477, 0.015156910754740238, 0.012430168688297272, 0.01216266117990017, 0.011268633417785168, 0.008189382962882519, 0.011714126914739609, 0.0149480439722538, 0.013992071151733398, 0.013954331167042255, 0.012044436298310757, 0.009803807362914085, 0.009960714727640152, 0.008317545056343079], "val_categorical_accuracy": [0.0918181836605072, 0.0918181836605072, 0.0918181836605072, 0.09272727370262146, 0.09909091144800186, 0.10181818157434464, 0.14363636076450348, 0.18545454740524292, 0.19818182289600372, 0.18636363744735718, 0.22545453906059265, 0.307272732257843, 0.41090908646583557, 0.5272727012634277, 0.6899999976158142, 0.7809090614318848, 0.8490909337997437, 0.885454535484314, 0.9018181562423706, 0.914545476436615, 0.918181836605072, 0.9209091067314148, 0.9227272868156433, 0.9290909171104431, 0.9272727370262146, 0.9300000071525574, 0.9336363673210144, 0.9263636469841003, 0.9309090971946716, 0.9381818175315857, 0.9345454573631287, 0.9336363673210144, 0.9300000071525574, 0.9363636374473572, 0.9399999976158142, 0.9345454573631287, 0.9372727274894714, 0.9372727274894714, 0.9345454573631287, 0.9363636374473572, 0.9318181872367859, 0.9290909171104431, 0.9390909075737, 0.9436363577842712, 0.942727267742157, 0.9399999976158142, 0.9381818175315857, 0.9399999976158142, 0.9327272772789001, 0.9399999976158142, 0.9409090876579285, 0.9390909075737, 0.9372727274894714, 0.9436363577842712, 0.9354545474052429, 0.9390909075737, 0.9418181777000427, 0.9381818175315857, 0.9390909075737, 0.9399999976158142, 0.9409090876579285, 0.9409090876579285, 0.9454545378684998, 0.9445454478263855, 0.9409090876579285, 0.9390909075737, 0.9390909075737, 0.9399999976158142, 0.9409090876579285, 0.9409090876579285, 0.9399999976158142, 0.9509090781211853, 0.946363627910614, 0.9490908980369568, 0.9472727179527283, 0.946363627910614, 0.9509090781211853, 0.9445454478263855, 0.9454545378684998, 0.9454545378684998, 0.9490908980369568, 0.9481818079948425, 0.9509090781211853, 0.9372727274894714, 0.9327272772789001, 0.9481818079948425, 0.9418181777000427, 0.949999988079071, 0.9454545378684998, 0.946363627910614, 0.9518181681632996, 0.946363627910614, 0.9454545378684998, 0.9454545378684998, 0.9345454573631287, 0.9372727274894714, 0.9354545474052429, 0.9436363577842712, 0.942727267742157, 0.9436363577842712], "val_loss": [2.364234209060669, 2.5304110050201416, 2.7908554077148438, 3.059271812438965, 3.2300000190734863, 3.327364444732666, 3.3137731552124023, 3.296015739440918, 3.171006917953491, 3.079462766647339, 2.801013946533203, 2.2325263023376465, 1.7402766942977905, 1.4353811740875244, 0.9747869372367859, 0.705894410610199, 0.5184849500656128, 0.41418009996414185, 0.3358519375324249, 0.30068740248680115, 0.2781356871128082, 0.2699543833732605, 0.2597244381904602, 0.2480458766222, 0.23490703105926514, 0.2364896982908249, 0.22901169955730438, 0.23681190609931946, 0.22727398574352264, 0.21488438546657562, 0.22189763188362122, 0.21432915329933167, 0.20840252935886383, 0.19974571466445923, 0.2038855254650116, 0.2075282335281372, 0.20528161525726318, 0.21283166110515594, 0.20903250575065613, 0.2030886709690094, 0.20475773513317108, 0.20399974286556244, 0.19286218285560608, 0.19062042236328125, 0.18972091376781464, 0.19102834165096283, 0.18736323714256287, 0.19428062438964844, 0.194647416472435, 0.18488018214702606, 0.1800183355808258, 0.18461281061172485, 0.19070087373256683, 0.1814996749162674, 0.1879529058933258, 0.19318309426307678, 0.1912434846162796, 0.19727517664432526, 0.1912452131509781, 0.18792545795440674, 0.18366996943950653, 0.17837603390216827, 0.17432351410388947, 0.17952264845371246, 0.18488167226314545, 0.18436338007450104, 0.2052883803844452, 0.18298879265785217, 0.1811067909002304, 0.1775527000427246, 0.18320277333259583, 0.16863597929477692, 0.16769130527973175, 0.1648794412612915, 0.16827300190925598, 0.17938506603240967, 0.1635025292634964, 0.16866718232631683, 0.18271155655384064, 0.17386962473392487, 0.1757737100124359, 0.16482189297676086, 0.16532902419567108, 0.19173727929592133, 0.2084396481513977, 0.17936187982559204, 0.17889153957366943, 0.17400477826595306, 0.1684146523475647, 0.1761452704668045, 0.1681385189294815, 0.1685694307088852, 0.17595209181308746, 0.19683168828487396, 0.21763041615486145, 0.18814563751220703, 0.18096394836902618, 0.17281875014305115, 0.18872418999671936, 0.1859942078590393]}