{"categorical_accuracy": [0.14083333313465118, 0.17166666686534882, 0.22833333909511566, 0.2608333230018616, 0.31833332777023315, 0.34416666626930237, 0.39916667342185974, 0.40583333373069763, 0.4650000035762787, 0.4883333444595337, 0.5266666412353516, 0.5074999928474426, 0.528333306312561, 0.5641666650772095, 0.5808333158493042, 0.5616666674613953, 0.6116666793823242, 0.6349999904632568, 0.6625000238418579, 0.6758333444595337, 0.6600000262260437, 0.6974999904632568, 0.7266666889190674, 0.7258333563804626, 0.73416668176651, 0.7599999904632568, 0.762499988079071, 0.7866666913032532, 0.7558333277702332, 0.7900000214576721, 0.7724999785423279, 0.7450000047683716, 0.8174999952316284, 0.8141666650772095, 0.8324999809265137, 0.8433333039283752, 0.8291666507720947, 0.824999988079071, 0.8299999833106995, 0.8366666436195374, 0.8525000214576721, 0.8525000214576721, 0.8774999976158142, 0.8741666674613953, 0.875, 0.8841666579246521, 0.8516666889190674, 0.8916666507720947, 0.8633333444595337, 0.8725000023841858, 0.8841666579246521, 0.875, 0.8983333110809326, 0.8933333158493042, 0.9100000262260437, 0.9066666960716248, 0.9041666388511658, 0.9175000190734863, 0.9158333539962769, 0.9233333468437195, 0.9016666412353516, 0.9166666865348816, 0.9366666674613953, 0.9416666626930237, 0.934166669845581, 0.9333333373069763, 0.9275000095367432, 0.9150000214576721, 0.9416666626930237, 0.9375, 0.9458333253860474, 0.9449999928474426, 0.9350000023841858, 0.9333333373069763, 0.9524999856948853, 0.9524999856948853, 0.95333331823349, 0.9424999952316284, 0.9350000023841858, 0.95333331823349, 0.940833330154419, 0.9599999785423279, 0.9624999761581421, 0.95333331823349, 0.9666666388511658, 0.9516666531562805, 0.9325000047683716, 0.965833306312561, 0.9566666483879089, 0.9691666960716248, 0.9633333086967468, 0.9599999785423279, 0.965833306312561, 0.9624999761581421, 0.9666666388511658, 0.9750000238418579, 0.965833306312561, 0.9641666412353516, 0.9608333110809326, 0.9641666412353516], "loss": [2.8423523902893066, 2.722247838973999, 2.369581699371338, 2.2874178886413574, 2.1156222820281982, 2.0312201976776123, 1.8615150451660156, 1.79389226436615, 1.682450294494629, 1.601525068283081, 1.4509782791137695, 1.5058097839355469, 1.417885422706604, 1.342414379119873, 1.319127082824707, 1.3194559812545776, 1.2127418518066406, 1.1912869215011597, 1.0691566467285156, 1.0460655689239502, 1.0717846155166626, 0.9614568948745728, 0.8625358939170837, 0.8968753814697266, 0.8584532737731934, 0.8101253509521484, 0.8028665781021118, 0.7293037176132202, 0.769658625125885, 0.6798446774482727, 0.7122814655303955, 0.7860517501831055, 0.5793631672859192, 0.6223363280296326, 0.5719261765480042, 0.5546513199806213, 0.5680455565452576, 0.5837583541870117, 0.5358323454856873, 0.540431559085846, 0.5034568309783936, 0.46758365631103516, 0.449768990278244, 0.40612518787384033, 0.4139014482498169, 0.39888429641723633, 0.4836147129535675, 0.3592747747898102, 0.43491286039352417, 0.4260644018650055, 0.4063698649406433, 0.4001249670982361, 0.35553839802742004, 0.36522045731544495, 0.30612912774086, 0.33493876457214355, 0.328731894493103, 0.2864556610584259, 0.30686235427856445, 0.27725139260292053, 0.3092503249645233, 0.27936917543411255, 0.24235516786575317, 0.22944259643554688, 0.24056614935398102, 0.2298312932252884, 0.2745184004306793, 0.27827370166778564, 0.2348654866218567, 0.20595568418502808, 0.20593883097171783, 0.20201244950294495, 0.21528297662734985, 0.22736798226833344, 0.18179820477962494, 0.1953001320362091, 0.17874903976917267, 0.20313172042369843, 0.21724887192249298, 0.16176171600818634, 0.19640566408634186, 0.14842458069324493, 0.1458706557750702, 0.1872570961713791, 0.15050052106380463, 0.16391070187091827, 0.21682065725326538, 0.1292135864496231, 0.15488643944263458, 0.138284832239151, 0.14882375299930573, 0.156590536236763, 0.13054855167865753, 0.14182332158088684, 0.12996232509613037, 0.10181014984846115, 0.13318972289562225, 0.136710986495018, 0.12871044874191284, 0.12027362734079361], "val_categorical_accuracy": [0.0918181836605072, 0.0918181836605072, 0.0918181836605072, 0.0918181836605072, 0.0918181836605072, 0.0918181836605072, 0.0918181836605072, 0.09636363387107849, 0.09272727370262146, 0.09636363387107849, 0.10545454174280167, 0.32818183302879333, 0.5172727108001709, 0.5627272725105286, 0.5227272510528564, 0.5090909004211426, 0.4354545474052429, 0.34909090399742126, 0.6090909242630005, 0.6572727560997009, 0.5099999904632568, 0.5136363506317139, 0.6154545545578003, 0.6600000262260437, 0.7163636088371277, 0.6518181562423706, 0.4127272665500641, 0.5899999737739563, 0.49909090995788574, 0.7290909290313721, 0.753636360168457, 0.35545453429222107, 0.7027272582054138, 0.6027272939682007, 0.6554545164108276, 0.5481818318367004, 0.721818208694458, 0.7945454716682434, 0.610909104347229, 0.8172727227210999, 0.6272727251052856, 0.8127272725105286, 0.7390909194946289, 0.7954545617103577, 0.8345454335212708, 0.7918182015419006, 0.37090909481048584, 0.668181836605072, 0.7136363387107849, 0.5054545402526855, 0.4790908992290497, 0.4972727298736572, 0.660909116268158, 0.6618182063102722, 0.7300000190734863, 0.7509090900421143, 0.5199999809265137, 0.6209090948104858, 0.7799999713897705, 0.6899999976158142, 0.8100000023841858, 0.5681818127632141, 0.7727272510528564, 0.889090895652771, 0.7509090900421143, 0.5963636636734009, 0.4981818199157715, 0.5009090900421143, 0.7872727513313293, 0.885454535484314, 0.828181803226471, 0.8872727155685425, 0.7309091091156006, 0.7963636517524719, 0.7900000214576721, 0.857272744178772, 0.8600000143051147, 0.8754545450210571, 0.7890909314155579, 0.7181817889213562, 0.8181818127632141, 0.7009090781211853, 0.7827273011207581, 0.7736363410949707, 0.8427272439002991, 0.6218181848526001, 0.4727272689342499, 0.4790908992290497, 0.6299999952316284, 0.46454545855522156, 0.4127272665500641, 0.48181816935539246, 0.7354545593261719, 0.7636363506317139, 0.6672727465629578, 0.6818181872367859, 0.45363637804985046, 0.8336363434791565, 0.8463636636734009, 0.8600000143051147],